sensor_id,timestamp,temperature,humidity,location,sensor_type
1012,2025-04-08T03:01:58.000Z,34.18,71.4,BuildingA_Floor1,TypeC
1012,2025-04-08T02:26:11.000Z,32.21,33.83,BuildingA_Floor1,TypeC
1057,2025-04-07T10:15:29.000Z,21.99,38.49,BuildingA_Floor2,TypeB
1031,2025-04-06T18:20:51.000Z,20.45,76.63,BuildingB_Floor1,TypeB
1078,2025-04-07T07:50:56.000Z,23.5,49.55,BuildingA_Floor1,TypeB
1044,2025-04-08T07:49:38.000Z,26.77,53.16,BuildingB_Floor2,TypeC
1047,2025-04-09T16:20:15.000Z,25.32,63.15,BuildingA_Floor1,TypeA
1012,2025-04-06T23:20:03.000Z,20.06,38.82,BuildingB_Floor1,TypeA
1002,2025-04-08T16:58:58.000Z,23.43,70.83,BuildingA_Floor1,TypeA
1087,2025-04-05T10:15:46.000Z,33.63,30.28,BuildingB_Floor1,TypeA
1025,2025-04-06T22:55:16.000Z,19.16,63.45,BuildingA_Floor2,TypeA
1064,2025-04-07T17:48:31.000Z,34.55,51.28,BuildingB_Floor1,TypeB
1012,2025-04-08T17:31:50.000Z,21.0,40.02,BuildingB_Floor1,TypeA
1089,2025-04-07T23:06:48.000Z,18.1,61.54,BuildingB_Floor2,TypeB
1057,2025-04-05T03:26:10.000Z,26.1,41.56,BuildingA_Floor1,TypeA
1050,2025-04-06T18:55:01.000Z,29.04,70.29,BuildingA_Floor1,TypeA
1089,2025-04-08T04:56:11.000Z,21.53,55.53,BuildingB_Floor1,TypeA
1015,2025-04-08T06:58:49.000Z,27.25,48.18,BuildingB_Floor1,TypeC
1099,2025-04-04T20:16:43.000Z,25.98,41.53,BuildingB_Floor1,TypeA
1042,2025-04-05T08:47:06.000Z,22.15,39.81,BuildingA_Floor1,TypeA
1021,2025-04-09T01:13:21.000Z,33.72,57.33,BuildingA_Floor2,TypeB
1078,2025-04-06T20:05:48.000Z,32.75,61.12,BuildingA_Floor1,TypeB
1100,2025-04-07T16:58:09.000Z,28.19,33.3,BuildingA_Floor2,TypeB
1083,2025-04-07T10:03:33.000Z,15.62,56.72,BuildingA_Floor2,TypeC
1059,2025-04-08T19:22:21.000Z,31.53,46.67,BuildingA_Floor2,TypeA
1043,2025-04-07T17:49:53.000Z,21.22,34.81,BuildingB_Floor2,TypeB
1072,2025-04-06T07:13:18.000Z,28.98,34.73,BuildingB_Floor1,TypeA
1066,2025-04-08T12:20:48.000Z,29.08,46.35,BuildingA_Floor1,TypeB
1028,2025-04-06T18:05:23.000Z,32.54,78.03,BuildingB_Floor1,TypeB
1097,2025-04-09T06:45:17.000Z,18.98,51.0,BuildingA_Floor1,TypeC
1043,2025-04-09T16:09:01.000Z,16.11,49.87,BuildingA_Floor2,TypeC
1043,2025-04-06T06:54:36.000Z,22.14,34.58,BuildingB_Floor2,TypeB
1040,2025-04-08T06:29:08.000Z,32.18,45.67,BuildingB_Floor1,TypeC
1033,2025-04-08T20:50:52.000Z,21.37,55.39,BuildingA_Floor1,TypeB
1080,2025-04-07T13:41:25.000Z,18.23,61.94,BuildingA_Floor1,TypeC
1059,2025-04-05T19:21:36.000Z,29.66,43.54,BuildingB_Floor2,TypeA
1092,2025-04-05T22:34:24.000Z,31.06,64.76,BuildingA_Floor1,TypeB
1060,2025-04-05T15:25:19.000Z,23.09,77.2,BuildingA_Floor1,TypeA
1014,2025-04-05T10:46:56.000Z,22.6,59.79,BuildingB_Floor2,TypeC
1099,2025-04-09T06:43:32.000Z,30.76,54.67,BuildingA_Floor1,TypeB
1075,2025-04-07T03:44:47.000Z,18.28,56.77,BuildingB_Floor1,TypeA
1080,2025-04-05T22:01:39.000Z,34.98,62.45,BuildingB_Floor1,TypeA
1027,2025-04-08T11:33:31.000Z,22.18,68.75,BuildingA_Floor1,TypeB
1017,2025-04-07T14:22:45.000Z,30.22,48.66,BuildingA_Floor1,TypeC
1043,2025-04-04T23:13:22.000Z,33.55,31.87,BuildingA_Floor1,TypeB
1064,2025-04-06T14:54:28.000Z,20.51,74.03,BuildingB_Floor2,TypeC
1082,2025-04-05T03:53:20.000Z,31.25,50.77,BuildingB_Floor2,TypeB
1055,2025-04-05T06:11:05.000Z,33.37,78.48,BuildingA_Floor1,TypeA
1006,2025-04-08T06:36:45.000Z,33.51,55.65,BuildingA_Floor1,TypeA
1046,2025-04-09T00:43:47.000Z,16.13,72.25,BuildingA_Floor1,TypeC
1094,2025-04-09T16:00:46.000Z,29.71,77.84,BuildingB_Floor1,TypeC
1001,2025-04-07T13:23:21.000Z,17.02,62.81,BuildingB_Floor1,TypeB
1053,2025-04-05T05:39:53.000Z,17.05,61.76,BuildingA_Floor2,TypeA
1064,2025-04-09T13:07:33.000Z,30.46,31.08,BuildingB_Floor1,TypeB
1011,2025-04-08T10:20:25.000Z,32.31,57.4,BuildingA_Floor1,TypeA
1030,2025-04-09T11:41:30.000Z,24.24,63.55,BuildingB_Floor2,TypeB
1006,2025-04-08T11:37:17.000Z,31.51,38.67,BuildingB_Floor1,TypeC
1097,2025-04-07T08:20:45.000Z,25.54,59.95,BuildingB_Floor1,TypeB
1049,2025-04-05T17:34:29.000Z,22.12,36.43,BuildingA_Floor1,TypeB
1018,2025-04-05T07:53:22.000Z,15.95,41.08,BuildingA_Floor2,TypeB
1069,2025-04-04T18:52:43.000Z,22.85,54.73,BuildingB_Floor1,TypeB
1044,2025-04-06T22:03:23.000Z,18.51,36.67,BuildingA_Floor2,TypeA
1083,2025-04-05T11:37:03.000Z,29.59,38.16,BuildingB_Floor2,TypeA
1072,2025-04-09T12:40:37.000Z,20.27,51.53,BuildingB_Floor1,TypeB
1061,2025-04-05T21:45:32.000Z,29.07,70.01,BuildingA_Floor1,TypeA
1060,2025-04-06T23:05:39.000Z,15.61,31.86,BuildingB_Floor1,TypeC
1041,2025-04-08T16:01:14.000Z,24.25,44.74,BuildingB_Floor1,TypeC
1066,2025-04-06T14:51:43.000Z,26.78,69.3,BuildingA_Floor2,TypeB
1026,2025-04-09T11:17:19.000Z,23.16,67.7,BuildingB_Floor2,TypeC
1056,2025-04-05T02:36:39.000Z,18.97,61.67,BuildingA_Floor2,TypeC
1091,2025-04-08T17:17:18.000Z,26.2,78.32,BuildingA_Floor1,TypeB
1083,2025-04-06T04:33:42.000Z,18.01,44.73,BuildingA_Floor1,TypeA
1073,2025-04-06T03:09:44.000Z,24.48,79.19,BuildingB_Floor1,TypeC
1075,2025-04-07T21:48:41.000Z,17.13,45.62,BuildingA_Floor2,TypeA
1054,2025-04-09T14:12:23.000Z,28.73,33.94,BuildingA_Floor2,TypeA
1088,2025-04-05T02:14:01.000Z,25.83,73.29,BuildingB_Floor1,TypeB
1041,2025-04-07T22:03:37.000Z,32.22,40.73,BuildingA_Floor1,TypeB
1004,2025-04-08T11:20:16.000Z,26.01,76.48,BuildingB_Floor1,TypeB
1046,2025-04-07T23:22:30.000Z,24.41,43.45,BuildingA_Floor2,TypeA
1094,2025-04-08T09:47:41.000Z,33.86,38.9,BuildingB_Floor1,TypeC
1095,2025-04-07T04:46:33.000Z,25.8,69.31,BuildingB_Floor2,TypeC
1023,2025-04-06T17:13:51.000Z,18.8,76.83,BuildingB_Floor2,TypeC
1091,2025-04-09T03:44:34.000Z,24.06,60.89,BuildingA_Floor2,TypeC
1069,2025-04-09T12:35:44.000Z,15.86,31.32,BuildingB_Floor2,TypeA
1003,2025-04-08T22:39:04.000Z,17.26,49.61,BuildingA_Floor1,TypeB
1094,2025-04-09T05:25:05.000Z,34.53,69.55,BuildingA_Floor2,TypeC
1039,2025-04-08T16:37:33.000Z,17.33,43.48,BuildingB_Floor2,TypeA
1088,2025-04-07T15:10:44.000Z,23.59,62.24,BuildingB_Floor1,TypeA
1049,2025-04-05T02:39:43.000Z,22.32,47.93,BuildingA_Floor1,TypeC
1003,2025-04-04T18:41:16.000Z,17.56,48.01,BuildingA_Floor2,TypeB
1085,2025-04-07T23:28:58.000Z,17.18,58.11,BuildingB_Floor2,TypeB
1053,2025-04-08T22:59:53.000Z,19.05,72.44,BuildingA_Floor2,TypeC
1034,2025-04-07T01:00:25.000Z,20.86,42.32,BuildingB_Floor1,TypeA
1016,2025-04-08T04:13:45.000Z,28.45,74.5,BuildingB_Floor1,TypeB
1003,2025-04-07T03:42:42.000Z,27.91,58.51,BuildingA_Floor2,TypeA
1071,2025-04-07T01:09:57.000Z,32.01,30.41,BuildingB_Floor1,TypeC
1078,2025-04-05T11:20:31.000Z,25.94,37.32,BuildingA_Floor2,TypeC
1032,2025-04-09T07:51:53.000Z,16.79,60.52,BuildingB_Floor2,TypeA
1095,2025-04-06T13:59:16.000Z,17.79,32.39,BuildingB_Floor2,TypeA
1025,2025-04-08T13:43:01.000Z,26.48,57.52,BuildingA_Floor1,TypeA
1098,2025-04-06T12:35:05.000Z,31.01,38.39,BuildingA_Floor2,TypeC
1013,2025-04-08T15:24:34.000Z,25.47,68.98,BuildingA_Floor1,TypeB
1015,2025-04-05T04:22:45.000Z,27.94,72.07,BuildingB_Floor2,TypeA
1036,2025-04-07T03:13:04.000Z,17.33,37.05,BuildingA_Floor1,TypeB
1030,2025-04-08T15:34:39.000Z,22.63,57.73,BuildingB_Floor1,TypeC
1095,2025-04-07T03:23:05.000Z,21.8,75.96,BuildingB_Floor2,TypeB
1062,2025-04-09T11:15:11.000Z,19.29,48.68,BuildingA_Floor1,TypeB
1005,2025-04-06T21:50:27.000Z,24.61,35.65,BuildingB_Floor2,TypeC
1084,2025-04-08T04:49:46.000Z,17.26,48.29,BuildingB_Floor2,TypeB
1086,2025-04-06T01:33:41.000Z,26.1,61.76,BuildingA_Floor2,TypeA
1020,2025-04-05T18:25:17.000Z,18.45,43.49,BuildingB_Floor2,TypeB
1064,2025-04-07T13:32:33.000Z,27.77,74.93,BuildingA_Floor2,TypeB
1047,2025-04-06T00:49:30.000Z,28.31,71.62,BuildingA_Floor1,TypeC
1093,2025-04-08T05:33:51.000Z,24.37,79.9,BuildingA_Floor1,TypeB
1032,2025-04-05T22:14:00.000Z,31.9,35.48,BuildingA_Floor1,TypeA
1040,2025-04-08T12:43:50.000Z,15.23,62.19,BuildingB_Floor2,TypeA
1050,2025-04-05T13:43:54.000Z,17.09,34.53,BuildingA_Floor1,TypeA
1015,2025-04-07T08:16:44.000Z,16.22,74.93,BuildingA_Floor2,TypeB
1056,2025-04-05T01:15:41.000Z,33.1,70.07,BuildingA_Floor2,TypeA
1010,2025-04-08T06:37:06.000Z,19.76,73.42,BuildingA_Floor1,TypeA
1011,2025-04-06T21:40:37.000Z,34.87,30.61,BuildingB_Floor2,TypeC
1088,2025-04-07T13:47:07.000Z,30.74,61.17,BuildingA_Floor1,TypeB
1026,2025-04-06T19:23:21.000Z,24.08,77.45,BuildingA_Floor2,TypeB
1027,2025-04-07T07:43:40.000Z,30.74,34.43,BuildingA_Floor1,TypeB
1025,2025-04-05T18:33:46.000Z,25.74,38.25,BuildingB_Floor2,TypeA
1091,2025-04-06T02:16:59.000Z,22.54,50.43,BuildingA_Floor1,TypeA
1008,2025-04-06T23:37:11.000Z,22.36,39.59,BuildingA_Floor1,TypeC
1008,2025-04-04T20:53:13.000Z,16.84,79.64,BuildingB_Floor1,TypeA
1008,2025-04-09T00:53:34.000Z,29.78,50.81,BuildingA_Floor2,TypeA
1025,2025-04-06T15:30:36.000Z,21.49,74.24,BuildingB_Floor2,TypeC
1064,2025-04-07T15:26:07.000Z,31.97,34.78,BuildingA_Floor1,TypeC
1041,2025-04-07T01:11:34.000Z,27.2,57.28,BuildingB_Floor2,TypeA
1030,2025-04-09T01:30:08.000Z,32.26,30.03,BuildingB_Floor2,TypeA
1074,2025-04-07T21:35:10.000Z,24.34,38.77,BuildingA_Floor1,TypeA
1027,2025-04-07T20:16:05.000Z,31.86,79.73,BuildingA_Floor2,TypeB
1073,2025-04-06T13:54:31.000Z,23.75,42.09,BuildingA_Floor2,TypeA
1031,2025-04-07T17:39:47.000Z,23.17,68.38,BuildingB_Floor1,TypeC
1100,2025-04-08T18:54:28.000Z,33.69,60.5,BuildingA_Floor2,TypeC
1086,2025-04-07T08:15:09.000Z,17.03,30.9,BuildingA_Floor2,TypeB
1085,2025-04-07T22:37:25.000Z,25.53,44.43,BuildingB_Floor2,TypeB
1033,2025-04-07T20:09:52.000Z,15.28,57.51,BuildingB_Floor2,TypeA
1034,2025-04-07T23:00:10.000Z,34.95,77.89,BuildingA_Floor1,TypeC
1054,2025-04-06T01:31:56.000Z,18.86,51.95,BuildingB_Floor2,TypeA
1017,2025-04-08T16:49:15.000Z,28.5,75.76,BuildingB_Floor1,TypeB
1065,2025-04-06T17:57:46.000Z,18.8,59.1,BuildingB_Floor1,TypeC
1019,2025-04-08T23:17:52.000Z,32.74,53.7,BuildingA_Floor2,TypeB
1003,2025-04-05T12:23:01.000Z,17.37,48.76,BuildingA_Floor2,TypeA
1007,2025-04-08T16:23:44.000Z,21.27,59.19,BuildingB_Floor1,TypeB
1002,2025-04-06T08:52:11.000Z,31.55,35.0,BuildingB_Floor2,TypeC
1078,2025-04-07T04:35:02.000Z,16.17,61.11,BuildingA_Floor2,TypeA
1089,2025-04-06T08:55:52.000Z,30.76,46.51,BuildingA_Floor1,TypeC
1025,2025-04-07T00:53:46.000Z,32.8,70.48,BuildingA_Floor1,TypeC
1014,2025-04-06T03:52:32.000Z,32.59,37.4,BuildingA_Floor1,TypeC
1057,2025-04-08T08:38:37.000Z,30.46,34.48,BuildingB_Floor1,TypeC
1031,2025-04-05T12:19:08.000Z,27.21,62.09,BuildingB_Floor1,TypeB
1071,2025-04-07T14:35:51.000Z,30.79,31.32,BuildingB_Floor1,TypeA
1030,2025-04-06T18:28:21.000Z,26.86,50.12,BuildingA_Floor2,TypeB
1018,2025-04-06T23:53:13.000Z,32.91,46.79,BuildingA_Floor2,TypeB
1084,2025-04-08T15:27:01.000Z,33.51,71.71,BuildingB_Floor1,TypeA
1021,2025-04-08T18:08:27.000Z,21.58,46.18,BuildingA_Floor1,TypeC
1041,2025-04-09T16:59:25.000Z,20.95,59.73,BuildingA_Floor2,TypeC
1072,2025-04-05T22:50:10.000Z,34.4,41.12,BuildingA_Floor2,TypeC
1028,2025-04-08T04:16:11.000Z,20.04,60.29,BuildingB_Floor2,TypeA
1044,2025-04-04T18:10:23.000Z,24.81,74.39,BuildingB_Floor1,TypeB
1021,2025-04-07T14:25:38.000Z,22.87,57.88,BuildingB_Floor1,TypeB
1089,2025-04-05T09:48:46.000Z,24.23,31.63,BuildingB_Floor2,TypeC
1027,2025-04-06T22:34:57.000Z,32.51,36.34,BuildingB_Floor1,TypeB
1010,2025-04-08T14:31:47.000Z,26.54,50.44,BuildingA_Floor1,TypeC
1085,2025-04-08T01:11:18.000Z,22.22,47.08,BuildingA_Floor1,TypeB
1008,2025-04-09T00:35:20.000Z,31.2,55.51,BuildingA_Floor1,TypeA
1098,2025-04-08T11:13:33.000Z,29.94,74.19,BuildingA_Floor2,TypeB
1011,2025-04-05T19:55:40.000Z,33.99,71.36,BuildingB_Floor1,TypeC
1055,2025-04-07T20:10:39.000Z,22.72,36.24,BuildingA_Floor2,TypeC
1044,2025-04-09T15:12:21.000Z,30.77,71.82,BuildingA_Floor2,TypeC
1012,2025-04-05T00:30:37.000Z,24.35,49.4,BuildingB_Floor1,TypeC
1058,2025-04-05T16:37:19.000Z,16.93,46.91,BuildingB_Floor1,TypeB
1091,2025-04-07T08:36:13.000Z,21.17,50.78,BuildingB_Floor2,TypeB
1096,2025-04-09T01:06:46.000Z,26.31,47.41,BuildingB_Floor1,TypeC
1062,2025-04-05T14:19:36.000Z,26.81,50.75,BuildingA_Floor1,TypeA
1070,2025-04-07T18:27:30.000Z,23.47,31.05,BuildingA_Floor2,TypeC
1033,2025-04-08T03:32:37.000Z,21.28,42.56,BuildingB_Floor1,TypeA
1066,2025-04-07T08:22:11.000Z,24.7,60.75,BuildingB_Floor2,TypeB
1068,2025-04-08T08:47:19.000Z,23.46,67.72,BuildingA_Floor2,TypeB
1046,2025-04-05T20:46:35.000Z,24.44,65.93,BuildingB_Floor2,TypeA
1080,2025-04-09T04:32:54.000Z,33.26,64.89,BuildingB_Floor1,TypeA
1002,2025-04-04T22:27:36.000Z,22.18,48.27,BuildingA_Floor2,TypeC
1021,2025-04-09T00:46:25.000Z,33.81,47.36,BuildingB_Floor2,TypeA
1083,2025-04-07T22:47:29.000Z,16.84,44.04,BuildingA_Floor2,TypeA
1025,2025-04-05T15:59:15.000Z,30.06,57.29,BuildingB_Floor2,TypeC
1041,2025-04-06T09:44:55.000Z,31.79,75.62,BuildingB_Floor1,TypeA
1058,2025-04-07T22:12:36.000Z,18.02,57.95,BuildingB_Floor1,TypeA
1077,2025-04-09T02:41:44.000Z,27.58,46.98,BuildingA_Floor2,TypeB
1092,2025-04-06T03:27:32.000Z,24.15,58.54,BuildingA_Floor2,TypeB
1077,2025-04-05T03:23:19.000Z,25.76,48.79,BuildingA_Floor1,TypeA
1028,2025-04-05T04:53:46.000Z,20.19,39.5,BuildingA_Floor1,TypeC
1023,2025-04-05T02:40:57.000Z,15.16,35.6,BuildingA_Floor1,TypeB
1014,2025-04-07T04:16:13.000Z,34.73,71.08,BuildingB_Floor2,TypeC
1063,2025-04-09T16:14:05.000Z,28.16,66.17,BuildingB_Floor1,TypeC
1024,2025-04-06T08:09:08.000Z,15.44,38.17,BuildingB_Floor2,TypeC
1086,2025-04-08T02:56:29.000Z,26.54,49.75,BuildingA_Floor1,TypeC
1084,2025-04-07T19:28:52.000Z,31.16,52.79,BuildingB_Floor2,TypeB
1001,2025-04-09T03:00:00.000Z,25.03,60.84,BuildingA_Floor2,TypeA
1048,2025-04-06T22:39:23.000Z,16.45,39.56,BuildingA_Floor1,TypeB
1038,2025-04-07T07:03:03.000Z,18.16,45.18,BuildingB_Floor2,TypeA
1062,2025-04-06T00:06:03.000Z,20.1,65.65,BuildingB_Floor2,TypeA
1022,2025-04-07T17:57:43.000Z,15.64,30.62,BuildingB_Floor1,TypeC
1028,2025-04-07T00:20:55.000Z,16.61,56.25,BuildingB_Floor2,TypeC
1011,2025-04-09T07:32:56.000Z,23.77,46.77,BuildingA_Floor2,TypeB
1091,2025-04-07T06:06:10.000Z,17.3,76.1,BuildingB_Floor2,TypeB
1062,2025-04-06T20:05:56.000Z,31.23,42.45,BuildingA_Floor2,TypeA
1084,2025-04-07T00:52:01.000Z,33.56,30.89,BuildingB_Floor2,TypeC
1072,2025-04-04T20:35:27.000Z,32.46,79.52,BuildingA_Floor1,TypeA
1053,2025-04-07T03:44:10.000Z,28.13,67.54,BuildingB_Floor1,TypeA
1088,2025-04-04T21:57:52.000Z,20.19,38.24,BuildingB_Floor1,TypeA
1021,2025-04-05T09:26:59.000Z,34.35,53.45,BuildingB_Floor1,TypeC
1084,2025-04-04T17:41:01.000Z,29.77,52.16,BuildingA_Floor2,TypeC
1073,2025-04-09T04:21:24.000Z,22.85,69.6,BuildingA_Floor2,TypeB
1005,2025-04-09T01:08:56.000Z,34.96,74.82,BuildingB_Floor1,TypeB
1021,2025-04-09T13:05:02.000Z,25.25,50.44,BuildingB_Floor1,TypeA
1079,2025-04-06T16:11:13.000Z,34.08,37.2,BuildingA_Floor1,TypeA
1018,2025-04-09T01:37:58.000Z,16.23,73.26,BuildingB_Floor1,TypeC
1053,2025-04-09T02:06:45.000Z,31.94,46.31,BuildingA_Floor1,TypeC
1036,2025-04-06T08:15:49.000Z,27.13,60.88,BuildingA_Floor2,TypeA
1099,2025-04-07T09:45:45.000Z,22.44,51.31,BuildingA_Floor2,TypeA
1041,2025-04-07T06:42:07.000Z,20.02,30.98,BuildingA_Floor2,TypeA
1091,2025-04-08T11:49:09.000Z,27.44,31.27,BuildingB_Floor2,TypeA
1063,2025-04-08T09:09:14.000Z,19.01,62.24,BuildingB_Floor1,TypeA
1035,2025-04-08T23:47:38.000Z,18.23,30.12,BuildingA_Floor1,TypeC
1011,2025-04-05T02:38:44.000Z,16.3,78.11,BuildingA_Floor2,TypeB
1001,2025-04-09T02:41:00.000Z,20.97,75.07,BuildingA_Floor1,TypeC
1027,2025-04-06T12:24:04.000Z,33.95,55.62,BuildingB_Floor1,TypeA
1053,2025-04-08T14:51:36.000Z,34.32,66.68,BuildingB_Floor1,TypeA
1074,2025-04-09T13:28:26.000Z,34.43,62.62,BuildingA_Floor1,TypeC
1091,2025-04-06T03:45:47.000Z,30.56,54.65,BuildingB_Floor1,TypeC
1005,2025-04-06T22:33:38.000Z,29.52,55.19,BuildingA_Floor1,TypeB
1051,2025-04-07T19:05:51.000Z,26.05,61.44,BuildingA_Floor1,TypeC
1037,2025-04-08T01:13:58.000Z,21.86,43.62,BuildingA_Floor1,TypeA
1019,2025-04-08T17:56:41.000Z,32.67,30.92,BuildingB_Floor1,TypeA
1079,2025-04-07T18:35:23.000Z,24.08,54.35,BuildingA_Floor1,TypeB
1063,2025-04-05T11:58:03.000Z,33.15,37.78,BuildingB_Floor1,TypeB
1081,2025-04-08T18:41:53.000Z,34.93,55.4,BuildingA_Floor1,TypeC
1053,2025-04-04T22:19:15.000Z,27.96,55.79,BuildingA_Floor1,TypeA
1002,2025-04-05T13:15:02.000Z,26.42,43.84,BuildingB_Floor1,TypeB
1007,2025-04-08T05:23:42.000Z,30.38,39.19,BuildingA_Floor2,TypeC
1036,2025-04-07T02:33:29.000Z,16.99,49.59,BuildingA_Floor1,TypeB
1042,2025-04-09T05:57:48.000Z,20.72,52.44,BuildingB_Floor2,TypeB
1082,2025-04-05T16:27:57.000Z,32.04,32.22,BuildingA_Floor1,TypeC
1031,2025-04-08T21:35:30.000Z,29.75,35.1,BuildingB_Floor1,TypeC
1037,2025-04-05T20:24:13.000Z,19.2,75.15,BuildingB_Floor2,TypeC
1019,2025-04-09T03:18:20.000Z,21.1,48.09,BuildingB_Floor1,TypeB
1088,2025-04-06T18:18:56.000Z,18.12,41.02,BuildingA_Floor2,TypeC
1078,2025-04-05T11:32:27.000Z,34.91,78.52,BuildingA_Floor1,TypeA
1056,2025-04-06T03:07:32.000Z,28.48,35.85,BuildingA_Floor2,TypeB
1056,2025-04-06T13:44:13.000Z,15.32,56.93,BuildingB_Floor2,TypeC
1006,2025-04-09T12:21:56.000Z,21.88,72.64,BuildingA_Floor1,TypeC
1037,2025-04-06T16:35:32.000Z,22.14,56.39,BuildingB_Floor2,TypeB
1016,2025-04-06T09:01:14.000Z,24.38,71.83,BuildingA_Floor2,TypeC
1039,2025-04-07T02:47:55.000Z,24.86,74.63,BuildingB_Floor2,TypeB
1010,2025-04-07T07:42:16.000Z,31.92,57.88,BuildingA_Floor2,TypeB
1042,2025-04-07T09:43:40.000Z,21.82,58.88,BuildingA_Floor2,TypeC
1086,2025-04-06T01:35:18.000Z,32.91,55.35,BuildingB_Floor2,TypeC
1055,2025-04-09T03:47:26.000Z,28.36,52.62,BuildingA_Floor2,TypeB
1037,2025-04-08T05:09:10.000Z,32.85,32.67,BuildingA_Floor2,TypeB
1015,2025-04-08T06:26:43.000Z,28.94,61.75,BuildingA_Floor2,TypeB
1043,2025-04-08T04:57:08.000Z,25.05,57.3,BuildingB_Floor2,TypeC
1011,2025-04-08T11:42:29.000Z,20.61,55.37,BuildingA_Floor2,TypeB
1056,2025-04-06T16:36:35.000Z,32.61,53.22,BuildingA_Floor1,TypeC
1012,2025-04-05T01:09:33.000Z,15.61,41.84,BuildingB_Floor2,TypeA
1028,2025-04-09T02:03:15.000Z,31.98,68.66,BuildingA_Floor2,TypeC
1046,2025-04-06T06:52:02.000Z,25.78,75.15,BuildingB_Floor2,TypeB
1038,2025-04-04T23:01:38.000Z,26.08,74.69,BuildingB_Floor2,TypeB
1073,2025-04-09T07:14:07.000Z,30.08,43.61,BuildingB_Floor2,TypeC
1032,2025-04-07T21:05:01.000Z,30.36,47.42,BuildingB_Floor2,TypeA
1080,2025-04-06T06:03:57.000Z,24.79,75.01,BuildingB_Floor2,TypeA
1094,2025-04-07T09:05:13.000Z,24.08,34.14,BuildingB_Floor1,TypeC
1079,2025-04-09T14:42:26.000Z,27.51,51.34,BuildingA_Floor1,TypeC
1086,2025-04-06T23:46:29.000Z,24.8,52.39,BuildingB_Floor1,TypeA
1049,2025-04-08T15:40:54.000Z,31.97,50.24,BuildingA_Floor2,TypeB
1082,2025-04-08T15:37:20.000Z,25.73,55.35,BuildingA_Floor1,TypeC
1070,2025-04-08T09:12:02.000Z,26.52,78.94,BuildingB_Floor2,TypeA
1040,2025-04-04T17:19:02.000Z,24.47,78.14,BuildingA_Floor2,TypeA
1032,2025-04-08T22:22:36.000Z,16.41,73.56,BuildingB_Floor1,TypeC
1035,2025-04-06T20:53:07.000Z,32.09,31.58,BuildingB_Floor1,TypeB
1031,2025-04-07T15:41:25.000Z,19.34,71.19,BuildingA_Floor2,TypeB
1055,2025-04-09T15:46:29.000Z,34.48,43.4,BuildingA_Floor1,TypeC
1068,2025-04-08T23:27:57.000Z,31.37,66.22,BuildingA_Floor1,TypeC
1079,2025-04-08T13:38:42.000Z,20.18,77.66,BuildingB_Floor2,TypeA
1021,2025-04-09T08:23:30.000Z,24.93,61.87,BuildingB_Floor1,TypeC
1049,2025-04-08T06:34:22.000Z,16.82,36.92,BuildingA_Floor1,TypeA
1007,2025-04-07T19:57:57.000Z,32.09,51.59,BuildingB_Floor2,TypeB
1030,2025-04-05T11:57:39.000Z,18.55,49.57,BuildingB_Floor2,TypeB
1045,2025-04-05T13:09:57.000Z,19.55,66.81,BuildingB_Floor2,TypeB
1083,2025-04-05T18:42:53.000Z,29.49,59.54,BuildingB_Floor2,TypeC
1082,2025-04-08T22:53:10.000Z,20.28,40.48,BuildingB_Floor1,TypeA
1040,2025-04-06T11:38:31.000Z,15.32,33.12,BuildingB_Floor2,TypeB
1085,2025-04-07T07:35:48.000Z,23.67,56.89,BuildingB_Floor1,TypeC
1087,2025-04-09T01:25:50.000Z,17.88,46.02,BuildingB_Floor2,TypeC
1069,2025-04-06T09:16:37.000Z,17.48,47.26,BuildingB_Floor2,TypeA
1038,2025-04-08T21:45:15.000Z,28.95,43.83,BuildingB_Floor1,TypeC
1017,2025-04-06T18:23:45.000Z,15.33,69.14,BuildingB_Floor1,TypeA
1053,2025-04-07T17:09:50.000Z,29.88,33.73,BuildingB_Floor1,TypeA
1100,2025-04-06T09:22:03.000Z,31.71,36.76,BuildingB_Floor1,TypeA
1044,2025-04-06T13:49:07.000Z,15.27,74.66,BuildingB_Floor2,TypeA
1042,2025-04-05T20:57:47.000Z,23.43,52.3,BuildingB_Floor1,TypeB
1016,2025-04-09T07:35:13.000Z,29.13,63.55,BuildingA_Floor2,TypeB
1078,2025-04-05T02:22:43.000Z,16.0,60.59,BuildingA_Floor1,TypeB
1023,2025-04-05T13:16:40.000Z,27.62,49.16,BuildingB_Floor2,TypeA
1083,2025-04-08T05:28:22.000Z,18.66,70.13,BuildingB_Floor2,TypeC
1026,2025-04-05T07:05:10.000Z,15.51,32.38,BuildingA_Floor1,TypeB
1081,2025-04-06T19:00:36.000Z,34.19,39.69,BuildingA_Floor2,TypeA
1066,2025-04-08T03:54:35.000Z,30.35,71.15,BuildingB_Floor2,TypeB
1080,2025-04-06T06:40:22.000Z,28.25,32.75,BuildingB_Floor2,TypeC
1099,2025-04-05T01:41:38.000Z,24.13,69.01,BuildingB_Floor2,TypeB
1024,2025-04-07T02:05:24.000Z,30.59,76.77,BuildingB_Floor1,TypeB
1001,2025-04-07T17:20:19.000Z,29.41,60.54,BuildingA_Floor1,TypeC
1078,2025-04-06T13:59:22.000Z,15.18,55.8,BuildingB_Floor2,TypeA
1064,2025-04-09T16:55:36.000Z,31.29,55.44,BuildingB_Floor1,TypeB
1075,2025-04-07T07:16:46.000Z,25.41,76.65,BuildingB_Floor1,TypeB
1054,2025-04-08T18:53:08.000Z,26.18,65.8,BuildingB_Floor1,TypeB
1093,2025-04-08T07:42:23.000Z,32.54,54.66,BuildingB_Floor2,TypeA
1035,2025-04-09T15:44:46.000Z,21.22,56.69,BuildingA_Floor1,TypeB
1092,2025-04-05T01:12:42.000Z,24.47,30.15,BuildingA_Floor2,TypeA
1062,2025-04-04T19:10:06.000Z,33.7,35.96,BuildingA_Floor2,TypeC
1080,2025-04-06T13:52:11.000Z,33.14,36.1,BuildingB_Floor1,TypeB
1097,2025-04-04T23:44:24.000Z,22.67,50.86,BuildingA_Floor1,TypeC
1100,2025-04-07T23:20:25.000Z,29.4,49.77,BuildingA_Floor2,TypeB
1074,2025-04-08T17:48:18.000Z,21.7,62.29,BuildingA_Floor1,TypeB
1002,2025-04-05T21:50:23.000Z,18.29,76.7,BuildingB_Floor2,TypeC
1005,2025-04-05T01:31:52.000Z,19.06,43.41,BuildingB_Floor1,TypeA
1074,2025-04-08T09:48:58.000Z,23.64,72.69,BuildingB_Floor2,TypeC
1027,2025-04-08T13:46:40.000Z,34.48,60.67,BuildingA_Floor1,TypeC
1043,2025-04-07T04:01:53.000Z,15.19,40.11,BuildingA_Floor1,TypeC
1094,2025-04-08T17:34:17.000Z,26.97,56.17,BuildingA_Floor2,TypeC
1033,2025-04-05T20:18:22.000Z,20.92,78.58,BuildingA_Floor1,TypeB
1092,2025-04-07T00:23:55.000Z,32.85,40.05,BuildingA_Floor1,TypeB
1058,2025-04-08T08:15:50.000Z,15.11,67.48,BuildingB_Floor2,TypeA
1089,2025-04-05T16:08:11.000Z,27.52,54.58,BuildingA_Floor2,TypeA
1051,2025-04-05T15:44:31.000Z,22.32,53.5,BuildingA_Floor1,TypeA
1022,2025-04-08T03:17:05.000Z,16.95,57.04,BuildingA_Floor1,TypeA
1039,2025-04-08T17:41:27.000Z,15.59,48.32,BuildingA_Floor2,TypeA
1099,2025-04-06T07:13:56.000Z,24.56,55.08,BuildingB_Floor1,TypeA
1049,2025-04-09T13:44:37.000Z,17.63,60.92,BuildingA_Floor2,TypeC
1057,2025-04-08T09:24:55.000Z,22.48,59.32,BuildingB_Floor1,TypeB
1052,2025-04-06T13:48:29.000Z,16.02,70.78,BuildingA_Floor1,TypeA
1019,2025-04-07T22:58:15.000Z,25.81,64.53,BuildingA_Floor2,TypeB
1068,2025-04-06T09:16:15.000Z,25.14,53.91,BuildingB_Floor1,TypeA
1025,2025-04-07T21:52:27.000Z,28.71,68.17,BuildingB_Floor1,TypeC
1007,2025-04-04T23:12:27.000Z,30.72,39.15,BuildingA_Floor1,TypeC
1061,2025-04-08T12:47:42.000Z,27.29,79.48,BuildingB_Floor2,TypeA
1079,2025-04-05T11:04:48.000Z,22.5,54.64,BuildingA_Floor2,TypeC
1021,2025-04-06T02:46:16.000Z,19.51,32.79,BuildingB_Floor2,TypeC
1006,2025-04-09T00:20:05.000Z,34.22,33.39,BuildingA_Floor2,TypeC
1051,2025-04-08T00:36:41.000Z,20.03,40.24,BuildingB_Floor1,TypeC
1074,2025-04-09T03:50:16.000Z,23.1,39.0,BuildingA_Floor2,TypeB
1062,2025-04-09T08:34:13.000Z,27.82,56.04,BuildingB_Floor1,TypeA
1016,2025-04-06T12:17:15.000Z,21.05,50.76,BuildingB_Floor1,TypeC
1006,2025-04-07T22:02:35.000Z,20.73,57.51,BuildingA_Floor2,TypeC
1044,2025-04-06T09:21:57.000Z,19.16,42.0,BuildingA_Floor1,TypeA
1071,2025-04-08T05:33:25.000Z,27.11,46.28,BuildingA_Floor1,TypeC
1074,2025-04-09T02:00:02.000Z,21.54,46.95,BuildingB_Floor2,TypeA
1000,2025-04-08T14:56:07.000Z,32.47,39.44,BuildingA_Floor1,TypeA
1071,2025-04-06T14:32:58.000Z,30.14,72.23,BuildingB_Floor2,TypeC
1003,2025-04-05T09:20:51.000Z,20.99,45.92,BuildingB_Floor1,TypeA
1052,2025-04-09T02:11:18.000Z,26.09,58.66,BuildingB_Floor1,TypeB
1046,2025-04-06T22:07:28.000Z,34.29,47.1,BuildingB_Floor2,TypeB
1052,2025-04-06T08:24:59.000Z,15.71,59.0,BuildingB_Floor1,TypeB
1020,2025-04-05T00:32:12.000Z,34.77,40.24,BuildingB_Floor2,TypeC
1097,2025-04-06T05:58:12.000Z,27.46,39.01,BuildingB_Floor2,TypeC
1094,2025-04-09T07:36:39.000Z,17.73,61.24,BuildingA_Floor1,TypeB
1001,2025-04-06T08:51:19.000Z,24.41,58.45,BuildingA_Floor2,TypeB
1012,2025-04-09T03:11:49.000Z,23.55,68.47,BuildingB_Floor1,TypeB
1073,2025-04-05T21:29:39.000Z,31.83,58.42,BuildingA_Floor2,TypeA
1015,2025-04-07T18:08:23.000Z,29.79,77.69,BuildingA_Floor1,TypeA
1091,2025-04-06T19:51:42.000Z,16.13,50.11,BuildingB_Floor1,TypeC
1088,2025-04-08T01:23:57.000Z,26.38,31.17,BuildingA_Floor2,TypeA
1047,2025-04-05T14:20:46.000Z,29.76,70.24,BuildingA_Floor1,TypeB
1080,2025-04-04T23:18:17.000Z,27.81,63.32,BuildingB_Floor1,TypeC
1082,2025-04-05T05:37:42.000Z,28.98,55.47,BuildingB_Floor2,TypeA
1053,2025-04-05T15:44:27.000Z,27.31,47.86,BuildingB_Floor2,TypeC
1019,2025-04-07T06:56:22.000Z,25.03,33.18,BuildingA_Floor2,TypeC
1040,2025-04-04T21:43:43.000Z,18.24,38.19,BuildingA_Floor1,TypeA
1012,2025-04-09T15:24:07.000Z,31.64,48.46,BuildingB_Floor1,TypeA
1018,2025-04-06T16:28:48.000Z,23.54,79.06,BuildingA_Floor2,TypeA
1019,2025-04-07T22:22:28.000Z,30.27,68.62,BuildingA_Floor2,TypeC
1076,2025-04-07T09:01:54.000Z,27.59,61.67,BuildingB_Floor1,TypeB
1034,2025-04-06T08:00:06.000Z,17.14,69.21,BuildingA_Floor2,TypeA
1070,2025-04-07T18:55:59.000Z,28.32,73.71,BuildingA_Floor1,TypeC
1020,2025-04-08T04:14:49.000Z,32.29,64.68,BuildingA_Floor2,TypeC
1058,2025-04-06T03:53:14.000Z,24.38,48.98,BuildingB_Floor1,TypeA
1092,2025-04-05T23:58:00.000Z,30.78,54.31,BuildingB_Floor1,TypeB
1025,2025-04-06T06:08:03.000Z,23.27,33.88,BuildingA_Floor1,TypeB
1009,2025-04-06T20:25:07.000Z,20.47,77.4,BuildingB_Floor1,TypeB
1005,2025-04-09T01:31:17.000Z,19.11,57.94,BuildingA_Floor1,TypeC
1054,2025-04-09T13:37:21.000Z,30.4,77.73,BuildingB_Floor2,TypeA
1082,2025-04-08T20:16:31.000Z,27.8,48.31,BuildingA_Floor1,TypeC
1097,2025-04-06T04:21:29.000Z,20.51,41.78,BuildingA_Floor2,TypeC
1064,2025-04-08T16:23:18.000Z,29.78,53.24,BuildingA_Floor2,TypeB
1071,2025-04-06T09:05:07.000Z,16.21,40.36,BuildingA_Floor1,TypeB
1009,2025-04-07T01:56:51.000Z,27.42,40.32,BuildingA_Floor2,TypeB
1069,2025-04-06T04:15:55.000Z,16.64,66.61,BuildingA_Floor2,TypeC
1049,2025-04-05T19:59:54.000Z,22.07,63.3,BuildingB_Floor2,TypeB
1097,2025-04-04T23:36:41.000Z,15.09,32.11,BuildingB_Floor1,TypeB
1046,2025-04-08T08:14:56.000Z,32.4,79.17,BuildingB_Floor1,TypeA
1082,2025-04-07T13:21:34.000Z,34.43,31.73,BuildingB_Floor2,TypeA
1066,2025-04-07T09:50:47.000Z,20.81,53.74,BuildingA_Floor2,TypeA
1041,2025-04-07T03:28:45.000Z,25.97,60.51,BuildingB_Floor2,TypeB
1051,2025-04-06T02:57:49.000Z,16.25,75.49,BuildingB_Floor2,TypeA
1070,2025-04-07T06:08:12.000Z,28.86,55.94,BuildingB_Floor2,TypeB
1043,2025-04-05T19:36:49.000Z,18.39,61.15,BuildingB_Floor2,TypeC
1022,2025-04-07T04:35:19.000Z,16.61,41.76,BuildingB_Floor2,TypeB
1038,2025-04-05T06:44:03.000Z,29.41,63.5,BuildingA_Floor1,TypeA
1004,2025-04-07T17:48:10.000Z,34.83,68.12,BuildingB_Floor1,TypeB
1066,2025-04-09T04:55:43.000Z,32.78,33.95,BuildingA_Floor2,TypeB
1026,2025-04-07T20:36:35.000Z,31.67,31.38,BuildingB_Floor2,TypeA
1040,2025-04-05T05:09:32.000Z,16.26,66.84,BuildingB_Floor1,TypeB
1043,2025-04-07T09:43:12.000Z,33.81,39.71,BuildingB_Floor2,TypeC
1024,2025-04-07T17:41:18.000Z,30.9,46.94,BuildingA_Floor1,TypeB
1010,2025-04-05T19:12:38.000Z,29.85,46.75,BuildingA_Floor2,TypeA
1048,2025-04-05T00:26:19.000Z,23.87,46.68,BuildingA_Floor2,TypeA
1082,2025-04-06T11:31:09.000Z,15.96,41.13,BuildingB_Floor2,TypeB
1006,2025-04-05T05:26:32.000Z,18.01,42.4,BuildingB_Floor2,TypeB
1059,2025-04-05T22:45:19.000Z,22.32,50.31,BuildingB_Floor2,TypeA
1096,2025-04-06T20:36:43.000Z,16.81,78.46,BuildingA_Floor1,TypeC
1057,2025-04-09T03:07:26.000Z,32.54,52.23,BuildingA_Floor2,TypeA
1003,2025-04-09T09:19:31.000Z,34.73,34.69,BuildingB_Floor2,TypeA
1091,2025-04-09T06:02:27.000Z,32.74,79.49,BuildingB_Floor2,TypeC
1047,2025-04-07T02:06:43.000Z,29.23,54.04,BuildingB_Floor1,TypeB
1052,2025-04-05T12:23:30.000Z,34.58,74.53,BuildingB_Floor1,TypeA
1087,2025-04-09T15:50:43.000Z,23.24,55.79,BuildingB_Floor1,TypeC
1017,2025-04-08T13:08:41.000Z,25.14,38.5,BuildingB_Floor1,TypeA
1011,2025-04-07T12:14:33.000Z,32.05,55.05,BuildingA_Floor2,TypeC
1021,2025-04-06T01:01:54.000Z,32.84,72.55,BuildingA_Floor1,TypeC
1029,2025-04-08T01:10:02.000Z,19.46,53.55,BuildingB_Floor1,TypeB
1089,2025-04-06T14:04:55.000Z,24.29,77.78,BuildingB_Floor1,TypeB
1042,2025-04-08T05:07:12.000Z,23.7,40.59,BuildingA_Floor2,TypeC
1054,2025-04-09T06:44:13.000Z,17.24,56.56,BuildingA_Floor1,TypeB
1019,2025-04-08T23:03:44.000Z,18.95,62.56,BuildingA_Floor1,TypeC
1029,2025-04-08T23:32:21.000Z,17.66,32.32,BuildingB_Floor2,TypeB
1091,2025-04-08T15:47:56.000Z,25.96,51.89,BuildingA_Floor2,TypeB
1031,2025-04-07T21:15:59.000Z,33.99,50.75,BuildingA_Floor1,TypeA
1084,2025-04-09T03:46:26.000Z,29.44,61.1,BuildingA_Floor1,TypeC
1057,2025-04-08T12:15:13.000Z,15.89,68.99,BuildingA_Floor1,TypeB
1048,2025-04-08T02:31:22.000Z,19.02,38.86,BuildingB_Floor2,TypeA
1032,2025-04-05T00:36:19.000Z,18.61,41.52,BuildingB_Floor2,TypeC
1022,2025-04-05T14:41:03.000Z,28.1,57.43,BuildingB_Floor1,TypeA
1096,2025-04-08T16:51:26.000Z,22.16,43.16,BuildingB_Floor1,TypeB
1058,2025-04-07T06:35:46.000Z,15.81,59.55,BuildingA_Floor1,TypeA
1070,2025-04-05T22:18:22.000Z,19.07,33.12,BuildingB_Floor1,TypeC
1071,2025-04-05T03:25:25.000Z,26.31,37.23,BuildingA_Floor2,TypeC
1016,2025-04-05T13:25:33.000Z,30.35,69.22,BuildingB_Floor1,TypeA
1038,2025-04-06T21:19:29.000Z,31.16,33.72,BuildingA_Floor1,TypeA
1060,2025-04-08T04:51:47.000Z,18.91,67.76,BuildingB_Floor1,TypeA
1033,2025-04-07T15:00:17.000Z,15.65,61.81,BuildingA_Floor2,TypeA
1095,2025-04-05T07:10:46.000Z,32.82,45.56,BuildingA_Floor1,TypeC
1084,2025-04-08T14:28:55.000Z,32.51,69.54,BuildingB_Floor1,TypeA
1019,2025-04-09T00:53:38.000Z,24.9,45.6,BuildingA_Floor1,TypeA
1083,2025-04-08T16:04:13.000Z,23.35,48.06,BuildingA_Floor2,TypeA
1095,2025-04-08T23:05:28.000Z,23.01,41.02,BuildingB_Floor2,TypeA
1090,2025-04-04T20:27:23.000Z,29.47,54.16,BuildingA_Floor2,TypeB
1082,2025-04-07T12:08:34.000Z,19.77,44.2,BuildingA_Floor1,TypeB
1084,2025-04-06T03:58:36.000Z,31.47,79.46,BuildingA_Floor2,TypeA
1099,2025-04-07T15:35:56.000Z,25.58,34.16,BuildingA_Floor2,TypeA
1074,2025-04-08T20:25:40.000Z,33.97,50.32,BuildingA_Floor2,TypeC
1040,2025-04-04T19:09:05.000Z,29.25,30.33,BuildingB_Floor1,TypeC
1081,2025-04-06T22:33:12.000Z,30.26,45.1,BuildingB_Floor2,TypeC
1001,2025-04-05T10:18:25.000Z,17.23,43.7,BuildingB_Floor1,TypeA
1039,2025-04-07T21:01:32.000Z,27.08,45.11,BuildingB_Floor2,TypeA
1070,2025-04-08T22:10:12.000Z,34.39,72.14,BuildingA_Floor1,TypeB
1044,2025-04-05T16:26:37.000Z,25.89,40.24,BuildingA_Floor2,TypeB
1093,2025-04-07T01:56:42.000Z,25.9,44.81,BuildingB_Floor2,TypeA
1068,2025-04-07T17:54:02.000Z,17.18,54.92,BuildingB_Floor2,TypeC
1013,2025-04-06T12:44:18.000Z,18.93,40.05,BuildingB_Floor2,TypeA
1027,2025-04-07T20:10:09.000Z,19.65,47.16,BuildingB_Floor1,TypeA
1062,2025-04-08T11:42:34.000Z,24.52,39.11,BuildingB_Floor2,TypeB
1063,2025-04-07T07:30:24.000Z,34.3,62.55,BuildingB_Floor2,TypeC
1062,2025-04-05T09:15:26.000Z,32.67,39.53,BuildingA_Floor1,TypeA
1078,2025-04-08T02:03:46.000Z,27.85,62.32,BuildingB_Floor2,TypeB
1078,2025-04-09T04:21:12.000Z,32.1,53.29,BuildingA_Floor1,TypeC
1066,2025-04-05T08:49:45.000Z,29.05,61.9,BuildingA_Floor1,TypeC
1088,2025-04-05T07:48:59.000Z,30.93,74.24,BuildingB_Floor2,TypeB
1076,2025-04-06T06:34:54.000Z,28.67,34.22,BuildingA_Floor1,TypeB
1097,2025-04-06T20:28:06.000Z,16.42,38.03,BuildingA_Floor1,TypeB
1020,2025-04-06T11:42:15.000Z,21.29,50.7,BuildingB_Floor2,TypeA
1073,2025-04-07T18:24:48.000Z,34.45,33.41,BuildingA_Floor2,TypeB
1001,2025-04-05T17:33:38.000Z,16.58,57.76,BuildingB_Floor1,TypeB
1088,2025-04-09T01:39:58.000Z,20.4,58.37,BuildingA_Floor1,TypeC
1025,2025-04-08T22:32:27.000Z,29.61,73.04,BuildingB_Floor2,TypeC
1096,2025-04-05T05:22:02.000Z,32.02,40.75,BuildingA_Floor1,TypeA
1051,2025-04-09T05:27:15.000Z,33.05,52.64,BuildingA_Floor2,TypeB
1053,2025-04-07T08:24:59.000Z,30.96,72.99,BuildingA_Floor1,TypeC
1079,2025-04-08T01:20:32.000Z,22.75,76.59,BuildingA_Floor2,TypeA
1006,2025-04-06T23:49:06.000Z,19.85,65.81,BuildingA_Floor2,TypeB
1060,2025-04-09T17:00:29.000Z,21.97,52.0,BuildingB_Floor2,TypeC
1013,2025-04-05T15:26:30.000Z,20.29,56.13,BuildingB_Floor2,TypeB
1044,2025-04-05T12:37:37.000Z,18.36,70.81,BuildingA_Floor1,TypeC
1080,2025-04-09T14:40:32.000Z,26.15,56.25,BuildingA_Floor2,TypeA
1006,2025-04-05T18:35:36.000Z,21.67,56.2,BuildingB_Floor1,TypeC
1055,2025-04-07T11:04:09.000Z,32.81,60.46,BuildingA_Floor2,TypeB
1003,2025-04-07T06:43:23.000Z,32.78,71.57,BuildingA_Floor1,TypeA
1060,2025-04-08T10:20:49.000Z,28.45,42.46,BuildingB_Floor1,TypeA
1024,2025-04-08T21:25:11.000Z,24.69,49.99,BuildingA_Floor2,TypeB
1039,2025-04-08T23:45:08.000Z,26.45,63.27,BuildingA_Floor1,TypeA
1084,2025-04-06T18:28:04.000Z,31.5,39.75,BuildingB_Floor1,TypeC
1037,2025-04-06T05:49:00.000Z,26.11,35.52,BuildingB_Floor2,TypeA
1001,2025-04-05T01:47:34.000Z,28.28,62.12,BuildingA_Floor2,TypeC
1055,2025-04-04T20:26:18.000Z,29.71,31.64,BuildingB_Floor2,TypeB
1083,2025-04-08T13:46:12.000Z,24.97,51.03,BuildingB_Floor2,TypeA
1016,2025-04-05T02:29:37.000Z,29.42,38.1,BuildingA_Floor2,TypeB
1037,2025-04-08T04:02:24.000Z,25.41,74.96,BuildingB_Floor2,TypeB
1095,2025-04-05T17:54:37.000Z,33.19,42.5,BuildingB_Floor2,TypeC
1019,2025-04-09T15:53:42.000Z,16.4,61.14,BuildingB_Floor2,TypeC
1016,2025-04-06T04:54:02.000Z,28.58,38.03,BuildingA_Floor1,TypeA
1097,2025-04-08T22:57:18.000Z,22.48,65.89,BuildingB_Floor1,TypeC
1059,2025-04-08T05:50:23.000Z,18.77,64.16,BuildingA_Floor1,TypeB
1042,2025-04-07T02:04:38.000Z,29.94,55.34,BuildingB_Floor2,TypeC
1057,2025-04-05T00:58:25.000Z,29.88,57.11,BuildingB_Floor2,TypeC
1089,2025-04-08T13:50:00.000Z,20.96,76.61,BuildingA_Floor2,TypeC
1099,2025-04-08T16:11:48.000Z,24.11,53.47,BuildingA_Floor1,TypeA
1007,2025-04-05T23:55:04.000Z,34.08,40.62,BuildingA_Floor1,TypeC
1013,2025-04-06T05:14:41.000Z,21.47,77.89,BuildingA_Floor2,TypeC
1036,2025-04-05T22:02:37.000Z,15.56,46.32,BuildingA_Floor2,TypeA
1043,2025-04-07T17:08:32.000Z,20.41,38.79,BuildingA_Floor1,TypeB
1092,2025-04-06T21:23:35.000Z,31.93,40.44,BuildingA_Floor2,TypeC
1088,2025-04-04T22:47:16.000Z,16.54,68.67,BuildingB_Floor1,TypeA
1038,2025-04-08T10:27:03.000Z,28.47,31.75,BuildingB_Floor1,TypeA
1039,2025-04-04T21:01:29.000Z,33.22,32.78,BuildingB_Floor1,TypeC
1027,2025-04-05T16:32:17.000Z,22.74,59.0,BuildingA_Floor2,TypeA
1049,2025-04-08T11:55:15.000Z,31.9,39.66,BuildingA_Floor2,TypeC
1047,2025-04-06T05:39:23.000Z,16.12,70.46,BuildingB_Floor1,TypeB
1037,2025-04-08T08:43:17.000Z,18.92,76.94,BuildingB_Floor1,TypeC
1054,2025-04-05T19:45:03.000Z,19.36,44.38,BuildingB_Floor2,TypeC
1046,2025-04-04T22:00:49.000Z,24.53,68.15,BuildingB_Floor1,TypeA
1051,2025-04-06T03:23:35.000Z,32.46,75.5,BuildingA_Floor1,TypeA
1055,2025-04-05T02:05:14.000Z,26.47,75.32,BuildingB_Floor2,TypeA
1006,2025-04-06T01:46:03.000Z,29.42,58.13,BuildingA_Floor2,TypeC
1099,2025-04-06T16:40:34.000Z,32.54,66.5,BuildingB_Floor2,TypeC
1017,2025-04-07T18:16:43.000Z,16.97,48.87,BuildingA_Floor2,TypeC
1078,2025-04-07T08:22:44.000Z,32.14,69.9,BuildingB_Floor1,TypeB
1097,2025-04-09T09:05:57.000Z,24.15,44.47,BuildingB_Floor1,TypeC
1053,2025-04-09T01:00:11.000Z,19.29,30.73,BuildingB_Floor1,TypeA
1058,2025-04-05T12:09:23.000Z,32.56,59.25,BuildingA_Floor1,TypeB
1073,2025-04-05T05:44:52.000Z,24.03,66.23,BuildingB_Floor2,TypeB
1070,2025-04-05T16:23:57.000Z,15.98,70.87,BuildingB_Floor2,TypeB
1088,2025-04-07T02:23:49.000Z,28.25,51.68,BuildingA_Floor2,TypeA
1097,2025-04-08T10:43:10.000Z,25.75,49.88,BuildingA_Floor1,TypeC
1026,2025-04-06T05:30:42.000Z,31.17,62.52,BuildingB_Floor1,TypeB
1026,2025-04-05T08:09:17.000Z,27.32,68.72,BuildingB_Floor2,TypeB
1049,2025-04-08T01:30:56.000Z,26.81,53.92,BuildingA_Floor2,TypeB
1037,2025-04-07T11:11:09.000Z,18.64,79.65,BuildingB_Floor1,TypeB
1010,2025-04-06T13:29:59.000Z,31.33,68.27,BuildingB_Floor2,TypeA
1071,2025-04-06T13:31:26.000Z,15.61,75.0,BuildingA_Floor2,TypeC
1023,2025-04-08T12:08:16.000Z,27.8,74.09,BuildingB_Floor1,TypeA
1061,2025-04-04T17:44:42.000Z,21.83,48.9,BuildingB_Floor1,TypeA
1095,2025-04-06T05:31:12.000Z,19.53,47.8,BuildingA_Floor1,TypeC
1093,2025-04-04T21:51:18.000Z,27.64,72.08,BuildingB_Floor2,TypeC
1057,2025-04-06T18:18:55.000Z,23.16,76.59,BuildingB_Floor1,TypeA
1041,2025-04-04T19:35:32.000Z,16.48,42.07,BuildingB_Floor1,TypeC
1082,2025-04-08T17:30:09.000Z,15.36,72.73,BuildingA_Floor2,TypeA
1097,2025-04-05T18:30:51.000Z,24.92,69.54,BuildingA_Floor1,TypeB
1075,2025-04-06T08:43:11.000Z,21.28,33.76,BuildingA_Floor2,TypeB
1042,2025-04-08T16:00:14.000Z,33.72,38.69,BuildingA_Floor1,TypeB
1027,2025-04-06T08:06:20.000Z,28.33,78.45,BuildingA_Floor1,TypeB
1018,2025-04-07T23:11:12.000Z,24.62,39.8,BuildingA_Floor2,TypeC
1008,2025-04-06T23:52:20.000Z,26.89,37.51,BuildingA_Floor2,TypeC
1077,2025-04-04T18:53:32.000Z,25.27,31.15,BuildingB_Floor1,TypeC
1001,2025-04-05T10:20:43.000Z,22.21,58.79,BuildingB_Floor1,TypeA
1100,2025-04-08T06:28:40.000Z,17.24,36.66,BuildingA_Floor1,TypeC
1059,2025-04-09T04:07:24.000Z,32.23,75.42,BuildingA_Floor2,TypeB
1067,2025-04-04T20:40:35.000Z,33.36,40.0,BuildingB_Floor1,TypeC
1100,2025-04-07T13:50:38.000Z,16.5,44.56,BuildingA_Floor2,TypeB
1016,2025-04-09T04:58:01.000Z,29.28,33.82,BuildingA_Floor1,TypeA
1020,2025-04-04T23:27:06.000Z,26.14,42.21,BuildingB_Floor1,TypeC
1051,2025-04-06T06:14:42.000Z,18.27,70.51,BuildingA_Floor1,TypeC
1028,2025-04-08T01:31:03.000Z,26.16,32.2,BuildingA_Floor1,TypeA
1095,2025-04-09T06:01:37.000Z,25.51,66.62,BuildingA_Floor2,TypeC
1048,2025-04-09T02:52:20.000Z,21.61,79.32,BuildingB_Floor2,TypeA
1011,2025-04-06T18:51:13.000Z,21.54,35.68,BuildingB_Floor1,TypeA
1035,2025-04-09T09:05:20.000Z,25.88,49.14,BuildingA_Floor1,TypeB
1074,2025-04-06T23:25:41.000Z,21.34,72.47,BuildingB_Floor2,TypeA
1035,2025-04-07T10:38:15.000Z,31.07,34.97,BuildingB_Floor1,TypeC
1022,2025-04-06T07:38:40.000Z,32.23,76.25,BuildingB_Floor1,TypeC
1081,2025-04-07T21:26:28.000Z,25.67,79.06,BuildingA_Floor2,TypeC
1034,2025-04-05T09:52:03.000Z,26.07,38.54,BuildingB_Floor1,TypeC
1019,2025-04-06T15:16:40.000Z,17.46,75.7,BuildingB_Floor1,TypeA
1054,2025-04-07T20:32:20.000Z,30.8,43.57,BuildingB_Floor2,TypeC
1080,2025-04-09T15:30:30.000Z,15.42,46.26,BuildingA_Floor2,TypeB
1007,2025-04-05T11:38:14.000Z,19.68,79.91,BuildingA_Floor1,TypeB
1058,2025-04-07T18:34:52.000Z,34.93,45.88,BuildingA_Floor1,TypeB
1092,2025-04-06T18:27:37.000Z,27.67,73.57,BuildingB_Floor1,TypeA
1097,2025-04-06T02:06:17.000Z,26.47,57.2,BuildingA_Floor1,TypeC
1031,2025-04-09T05:53:40.000Z,33.19,77.9,BuildingB_Floor1,TypeB
1047,2025-04-09T10:28:11.000Z,30.19,57.09,BuildingA_Floor2,TypeA
1045,2025-04-05T13:31:51.000Z,34.32,32.11,BuildingA_Floor2,TypeC
1071,2025-04-09T00:55:28.000Z,23.25,41.89,BuildingA_Floor1,TypeC
1089,2025-04-07T17:34:50.000Z,28.2,60.7,BuildingA_Floor1,TypeC
1049,2025-04-08T03:51:34.000Z,34.7,78.16,BuildingA_Floor2,TypeB
1038,2025-04-07T15:51:53.000Z,28.36,74.24,BuildingB_Floor1,TypeA
1041,2025-04-06T20:12:20.000Z,17.71,51.96,BuildingB_Floor2,TypeB
1003,2025-04-07T02:41:40.000Z,24.89,78.71,BuildingA_Floor2,TypeC
1026,2025-04-06T06:55:30.000Z,29.01,66.58,BuildingA_Floor1,TypeA
1057,2025-04-06T10:47:37.000Z,17.46,31.97,BuildingB_Floor2,TypeC
1069,2025-04-09T06:15:50.000Z,20.41,33.87,BuildingB_Floor2,TypeC
1060,2025-04-08T19:30:15.000Z,29.43,74.44,BuildingA_Floor1,TypeA
1080,2025-04-05T04:50:12.000Z,25.79,50.53,BuildingA_Floor1,TypeC
1043,2025-04-04T18:41:24.000Z,26.5,62.89,BuildingB_Floor2,TypeA
1060,2025-04-06T10:45:44.000Z,24.97,62.15,BuildingB_Floor2,TypeB
1055,2025-04-04T22:09:22.000Z,18.27,43.47,BuildingA_Floor1,TypeB
1064,2025-04-09T08:45:13.000Z,26.17,63.31,BuildingA_Floor2,TypeA
1071,2025-04-07T18:15:55.000Z,25.95,53.63,BuildingB_Floor1,TypeB
1079,2025-04-08T07:48:28.000Z,28.75,66.99,BuildingA_Floor1,TypeA
1032,2025-04-05T06:16:01.000Z,23.88,47.59,BuildingA_Floor2,TypeB
1033,2025-04-06T21:31:13.000Z,34.98,44.48,BuildingB_Floor2,TypeC
1033,2025-04-07T21:47:27.000Z,26.19,63.5,BuildingB_Floor1,TypeB
1049,2025-04-06T11:35:58.000Z,16.92,77.33,BuildingA_Floor1,TypeB
1073,2025-04-08T05:57:07.000Z,23.43,77.39,BuildingB_Floor1,TypeA
1034,2025-04-06T20:03:25.000Z,23.15,78.84,BuildingB_Floor1,TypeC
1009,2025-04-05T17:59:02.000Z,34.56,67.87,BuildingB_Floor1,TypeC
1024,2025-04-08T02:30:22.000Z,32.64,59.86,BuildingA_Floor1,TypeB
1026,2025-04-06T05:35:53.000Z,16.3,58.41,BuildingB_Floor1,TypeB
1091,2025-04-06T22:28:07.000Z,28.09,39.29,BuildingB_Floor2,TypeA
1054,2025-04-09T14:48:29.000Z,15.2,59.88,BuildingB_Floor2,TypeA
1081,2025-04-09T06:08:44.000Z,33.0,47.23,BuildingA_Floor1,TypeB
1086,2025-04-09T13:33:12.000Z,33.42,47.26,BuildingA_Floor2,TypeA
1039,2025-04-06T22:53:26.000Z,22.96,45.04,BuildingB_Floor2,TypeB
1051,2025-04-07T04:47:15.000Z,23.12,54.62,BuildingB_Floor2,TypeA
1023,2025-04-08T23:20:52.000Z,24.68,64.49,BuildingA_Floor2,TypeC
1024,2025-04-07T01:04:34.000Z,20.33,72.99,BuildingB_Floor2,TypeC
1076,2025-04-06T09:16:52.000Z,19.84,68.27,BuildingA_Floor1,TypeB
1033,2025-04-06T15:45:10.000Z,16.25,55.22,BuildingA_Floor1,TypeA
1025,2025-04-07T20:18:00.000Z,26.24,56.75,BuildingB_Floor1,TypeB
1004,2025-04-07T19:17:11.000Z,18.53,35.73,BuildingA_Floor1,TypeB
1008,2025-04-08T23:55:49.000Z,33.23,73.11,BuildingB_Floor2,TypeA
1054,2025-04-08T01:28:51.000Z,28.27,58.78,BuildingA_Floor2,TypeC
1082,2025-04-04T17:36:04.000Z,16.47,68.9,BuildingA_Floor1,TypeC
1071,2025-04-08T19:16:13.000Z,29.29,61.72,BuildingA_Floor2,TypeA
1069,2025-04-05T10:16:45.000Z,25.26,57.49,BuildingA_Floor1,TypeC
1064,2025-04-07T22:37:23.000Z,28.13,61.86,BuildingA_Floor2,TypeB
1070,2025-04-06T18:31:37.000Z,16.9,47.95,BuildingB_Floor1,TypeB
1023,2025-04-05T07:52:20.000Z,25.39,68.69,BuildingB_Floor1,TypeC
1030,2025-04-05T01:02:27.000Z,29.48,42.04,BuildingA_Floor1,TypeC
1083,2025-04-07T17:16:09.000Z,26.29,62.77,BuildingA_Floor2,TypeC
1026,2025-04-05T19:33:16.000Z,19.7,32.45,BuildingA_Floor2,TypeA
1028,2025-04-06T11:46:15.000Z,29.96,76.04,BuildingB_Floor2,TypeA
1068,2025-04-07T15:47:11.000Z,27.01,32.05,BuildingB_Floor2,TypeC
1017,2025-04-05T05:51:25.000Z,30.58,38.85,BuildingB_Floor1,TypeB
1015,2025-04-07T16:19:39.000Z,26.43,71.09,BuildingA_Floor1,TypeA
1064,2025-04-06T00:49:28.000Z,18.45,68.42,BuildingB_Floor1,TypeA
1079,2025-04-05T09:05:43.000Z,34.06,44.57,BuildingA_Floor2,TypeA
1010,2025-04-07T03:30:51.000Z,33.55,79.5,BuildingB_Floor2,TypeA
1071,2025-04-05T07:21:35.000Z,21.82,75.84,BuildingB_Floor2,TypeB
1003,2025-04-06T11:32:02.000Z,16.37,37.42,BuildingB_Floor1,TypeA
1049,2025-04-09T03:16:31.000Z,22.04,77.84,BuildingB_Floor1,TypeC
1076,2025-04-07T09:52:47.000Z,15.58,63.45,BuildingB_Floor2,TypeA
1043,2025-04-09T03:47:48.000Z,24.43,72.44,BuildingB_Floor1,TypeC
1023,2025-04-09T12:44:11.000Z,24.62,49.01,BuildingA_Floor1,TypeA
1030,2025-04-09T04:07:28.000Z,15.89,52.87,BuildingA_Floor1,TypeB
1080,2025-04-08T00:01:39.000Z,24.15,64.28,BuildingA_Floor1,TypeA
1034,2025-04-05T19:58:50.000Z,25.02,36.43,BuildingA_Floor1,TypeA
1040,2025-04-09T16:42:37.000Z,21.79,45.78,BuildingA_Floor1,TypeA
1056,2025-04-07T11:27:01.000Z,33.26,76.35,BuildingA_Floor1,TypeA
1089,2025-04-06T15:47:18.000Z,23.72,69.07,BuildingA_Floor2,TypeB
1080,2025-04-07T13:27:14.000Z,24.48,76.29,BuildingB_Floor2,TypeA
1087,2025-04-06T06:47:18.000Z,23.83,55.22,BuildingB_Floor2,TypeB
1063,2025-04-07T16:18:50.000Z,15.63,55.28,BuildingA_Floor2,TypeB
1065,2025-04-09T05:23:10.000Z,20.39,59.03,BuildingB_Floor1,TypeB
1079,2025-04-07T02:28:38.000Z,15.03,61.96,BuildingB_Floor2,TypeC
1046,2025-04-08T16:36:51.000Z,31.15,73.56,BuildingA_Floor2,TypeC
1052,2025-04-05T15:58:48.000Z,17.35,64.72,BuildingA_Floor1,TypeB
1093,2025-04-05T09:44:36.000Z,16.05,35.25,BuildingB_Floor1,TypeC
1031,2025-04-06T20:34:40.000Z,26.16,65.69,BuildingA_Floor2,TypeC
1057,2025-04-08T00:19:35.000Z,23.7,61.07,BuildingB_Floor2,TypeC
1047,2025-04-05T20:58:27.000Z,27.54,31.09,BuildingB_Floor2,TypeA
1083,2025-04-08T01:55:12.000Z,32.07,57.49,BuildingA_Floor2,TypeC
1099,2025-04-09T01:43:29.000Z,32.31,58.99,BuildingA_Floor2,TypeA
1097,2025-04-09T08:59:35.000Z,18.17,47.57,BuildingA_Floor2,TypeC
1065,2025-04-07T04:44:13.000Z,20.99,73.46,BuildingB_Floor1,TypeB
1087,2025-04-09T06:19:09.000Z,21.35,75.76,BuildingB_Floor2,TypeC
1046,2025-04-04T23:56:21.000Z,17.17,52.45,BuildingA_Floor1,TypeB
1005,2025-04-08T09:05:39.000Z,19.29,71.77,BuildingA_Floor1,TypeA
1031,2025-04-08T23:06:09.000Z,20.13,34.0,BuildingB_Floor2,TypeC
1057,2025-04-08T01:30:26.000Z,28.52,37.5,BuildingA_Floor1,TypeB
1055,2025-04-08T09:44:37.000Z,29.82,69.44,BuildingB_Floor1,TypeA
1005,2025-04-09T12:10:36.000Z,23.2,45.66,BuildingA_Floor1,TypeB
1064,2025-04-05T14:52:22.000Z,23.66,50.8,BuildingA_Floor2,TypeA
1047,2025-04-06T00:29:12.000Z,24.77,77.42,BuildingB_Floor2,TypeB
1062,2025-04-09T12:34:02.000Z,22.25,37.9,BuildingA_Floor2,TypeB
1080,2025-04-04T18:48:06.000Z,25.17,55.12,BuildingA_Floor1,TypeC
1005,2025-04-05T16:46:36.000Z,32.27,38.0,BuildingA_Floor2,TypeA
1034,2025-04-04T23:32:26.000Z,30.04,66.26,BuildingB_Floor1,TypeC
1078,2025-04-09T14:58:00.000Z,20.11,72.78,BuildingA_Floor2,TypeC
1010,2025-04-06T16:26:08.000Z,15.86,35.11,BuildingA_Floor1,TypeB
1000,2025-04-07T21:19:31.000Z,31.56,39.81,BuildingA_Floor2,TypeA
1065,2025-04-05T08:15:42.000Z,20.98,75.58,BuildingA_Floor2,TypeA
1018,2025-04-06T00:46:39.000Z,33.18,61.52,BuildingA_Floor2,TypeC
1040,2025-04-09T11:14:29.000Z,15.42,43.33,BuildingB_Floor1,TypeA
1035,2025-04-04T19:45:23.000Z,19.83,40.49,BuildingA_Floor2,TypeC
1099,2025-04-07T13:36:38.000Z,32.94,37.43,BuildingA_Floor1,TypeB
1079,2025-04-07T10:19:37.000Z,25.93,78.16,BuildingB_Floor1,TypeC
1058,2025-04-08T15:11:20.000Z,26.02,70.64,BuildingB_Floor2,TypeC
1008,2025-04-08T15:53:40.000Z,17.35,53.04,BuildingB_Floor2,TypeB
1064,2025-04-08T03:56:49.000Z,29.54,55.91,BuildingA_Floor1,TypeC
1053,2025-04-09T07:40:16.000Z,22.24,75.0,BuildingA_Floor2,TypeB
1049,2025-04-09T11:43:15.000Z,18.6,65.06,BuildingB_Floor1,TypeB
1006,2025-04-07T00:01:57.000Z,33.98,67.05,BuildingB_Floor2,TypeC
1030,2025-04-08T00:31:57.000Z,31.18,60.2,BuildingB_Floor1,TypeC
1087,2025-04-06T11:40:14.000Z,29.44,30.16,BuildingB_Floor1,TypeB
1016,2025-04-07T07:09:04.000Z,22.01,44.26,BuildingB_Floor1,TypeB
1068,2025-04-09T01:48:00.000Z,28.43,36.17,BuildingB_Floor2,TypeA
1015,2025-04-09T16:25:08.000Z,17.38,31.05,BuildingA_Floor2,TypeC
1039,2025-04-05T05:25:18.000Z,19.09,69.01,BuildingA_Floor2,TypeC
1062,2025-04-06T12:49:13.000Z,34.09,51.66,BuildingA_Floor1,TypeB
1094,2025-04-07T23:15:19.000Z,33.82,60.85,BuildingB_Floor1,TypeA
1007,2025-04-09T13:33:18.000Z,18.04,73.02,BuildingA_Floor2,TypeC
1053,2025-04-05T15:47:53.000Z,30.28,35.73,BuildingB_Floor1,TypeA
1030,2025-04-05T03:47:22.000Z,25.92,50.69,BuildingA_Floor2,TypeB
1032,2025-04-09T04:54:09.000Z,20.91,40.82,BuildingA_Floor2,TypeB
1080,2025-04-09T14:44:50.000Z,29.18,70.05,BuildingA_Floor2,TypeB
1015,2025-04-06T19:16:06.000Z,15.19,71.54,BuildingB_Floor2,TypeC
1064,2025-04-06T12:08:08.000Z,16.01,77.8,BuildingB_Floor1,TypeB
1024,2025-04-06T17:10:55.000Z,29.24,44.49,BuildingA_Floor2,TypeC
1038,2025-04-09T07:14:27.000Z,27.24,58.48,BuildingA_Floor2,TypeB
1011,2025-04-04T17:40:50.000Z,33.94,64.51,BuildingA_Floor1,TypeC
1021,2025-04-05T04:15:23.000Z,32.83,67.31,BuildingA_Floor1,TypeC
1044,2025-04-07T15:39:59.000Z,17.71,48.97,BuildingA_Floor2,TypeB
1077,2025-04-06T04:46:34.000Z,28.61,58.39,BuildingB_Floor2,TypeA
1041,2025-04-05T10:59:55.000Z,25.17,73.22,BuildingB_Floor2,TypeA
1074,2025-04-06T13:30:25.000Z,15.64,51.36,BuildingA_Floor1,TypeB
1074,2025-04-07T09:03:57.000Z,18.2,70.29,BuildingB_Floor2,TypeB
1000,2025-04-09T10:43:24.000Z,15.35,77.34,BuildingA_Floor2,TypeA
1046,2025-04-09T14:59:21.000Z,32.14,48.09,BuildingA_Floor2,TypeC
1039,2025-04-07T22:11:22.000Z,25.57,66.59,BuildingA_Floor2,TypeB
1059,2025-04-08T09:59:33.000Z,34.41,65.79,BuildingA_Floor1,TypeA
1030,2025-04-07T17:41:19.000Z,32.95,54.98,BuildingA_Floor2,TypeA
1098,2025-04-08T14:03:07.000Z,17.97,37.63,BuildingB_Floor2,TypeB
1091,2025-04-06T19:02:49.000Z,23.9,71.77,BuildingB_Floor2,TypeA
1095,2025-04-09T15:13:41.000Z,16.45,77.37,BuildingB_Floor2,TypeB
1070,2025-04-08T09:01:44.000Z,22.28,46.64,BuildingB_Floor1,TypeC
1002,2025-04-07T19:45:18.000Z,26.57,67.75,BuildingB_Floor1,TypeC
1072,2025-04-07T05:35:53.000Z,33.51,48.63,BuildingA_Floor1,TypeA
1072,2025-04-06T04:31:27.000Z,19.89,62.14,BuildingB_Floor1,TypeB
1062,2025-04-07T19:37:17.000Z,16.2,54.65,BuildingA_Floor1,TypeB
1087,2025-04-09T02:06:23.000Z,19.22,47.89,BuildingA_Floor2,TypeB
1074,2025-04-06T02:08:24.000Z,17.09,63.28,BuildingB_Floor1,TypeB
1081,2025-04-05T03:15:10.000Z,28.13,57.95,BuildingB_Floor2,TypeC
1069,2025-04-06T22:41:34.000Z,28.66,61.25,BuildingB_Floor2,TypeC
1048,2025-04-06T17:04:47.000Z,28.8,31.03,BuildingA_Floor1,TypeC
1028,2025-04-06T22:56:57.000Z,33.18,45.29,BuildingA_Floor2,TypeC
1005,2025-04-09T05:52:25.000Z,34.76,71.74,BuildingA_Floor1,TypeA
1092,2025-04-05T05:47:45.000Z,16.66,51.2,BuildingB_Floor2,TypeA
1088,2025-04-07T23:48:57.000Z,28.45,78.52,BuildingA_Floor2,TypeB
1076,2025-04-05T18:37:13.000Z,18.68,72.32,BuildingB_Floor2,TypeA
1096,2025-04-05T10:54:00.000Z,22.22,56.37,BuildingB_Floor2,TypeB
1027,2025-04-05T15:50:25.000Z,29.67,32.11,BuildingA_Floor1,TypeB
1061,2025-04-07T02:55:01.000Z,24.16,31.21,BuildingB_Floor2,TypeB
1070,2025-04-07T18:46:19.000Z,23.1,63.55,BuildingA_Floor2,TypeA
1021,2025-04-08T05:56:31.000Z,32.54,58.85,BuildingB_Floor2,TypeC
1006,2025-04-07T09:06:59.000Z,15.72,52.56,BuildingB_Floor2,TypeA
1002,2025-04-08T16:50:24.000Z,22.21,75.36,BuildingB_Floor2,TypeA
1050,2025-04-05T10:59:00.000Z,30.4,53.39,BuildingA_Floor2,TypeA
1017,2025-04-09T13:15:33.000Z,24.72,56.15,BuildingB_Floor1,TypeA
1064,2025-04-08T22:25:15.000Z,18.07,79.65,BuildingA_Floor1,TypeB
1024,2025-04-09T08:36:12.000Z,19.82,63.87,BuildingB_Floor1,TypeB
1009,2025-04-07T04:27:15.000Z,16.55,55.53,BuildingB_Floor1,TypeA
1022,2025-04-07T09:02:51.000Z,15.29,52.49,BuildingB_Floor2,TypeB
1066,2025-04-07T08:49:29.000Z,27.42,76.74,BuildingB_Floor2,TypeC
1036,2025-04-05T11:13:25.000Z,18.12,67.36,BuildingB_Floor1,TypeC
1004,2025-04-06T21:16:04.000Z,17.49,47.36,BuildingB_Floor2,TypeC
1085,2025-04-05T19:44:30.000Z,32.89,56.72,BuildingB_Floor1,TypeA
1093,2025-04-09T10:43:22.000Z,34.26,78.46,BuildingA_Floor1,TypeC
1067,2025-04-07T10:41:47.000Z,28.22,68.95,BuildingB_Floor2,TypeA
1087,2025-04-09T08:03:08.000Z,28.59,43.23,BuildingB_Floor2,TypeA
1064,2025-04-09T04:16:10.000Z,23.15,32.59,BuildingA_Floor1,TypeB
1093,2025-04-07T19:45:21.000Z,21.75,66.27,BuildingA_Floor1,TypeC
1052,2025-04-07T22:36:18.000Z,18.92,59.1,BuildingA_Floor2,TypeC
1100,2025-04-06T23:12:36.000Z,25.47,75.59,BuildingB_Floor2,TypeB
1057,2025-04-09T07:32:35.000Z,23.11,51.15,BuildingB_Floor1,TypeA
1021,2025-04-07T08:39:33.000Z,23.3,40.62,BuildingA_Floor2,TypeB
1073,2025-04-04T21:21:14.000Z,21.9,39.18,BuildingA_Floor1,TypeC
1071,2025-04-08T14:29:26.000Z,30.13,62.09,BuildingB_Floor2,TypeC
1049,2025-04-05T11:41:58.000Z,22.87,50.03,BuildingB_Floor1,TypeA
1045,2025-04-07T00:54:33.000Z,28.04,77.39,BuildingB_Floor2,TypeB
1041,2025-04-06T09:10:07.000Z,22.76,43.84,BuildingA_Floor1,TypeC
1044,2025-04-06T09:06:31.000Z,19.41,38.71,BuildingB_Floor1,TypeA
1083,2025-04-06T07:54:18.000Z,29.61,52.64,BuildingB_Floor2,TypeA
1045,2025-04-07T10:48:46.000Z,21.53,49.16,BuildingA_Floor1,TypeB
1028,2025-04-08T00:31:30.000Z,27.13,50.01,BuildingA_Floor2,TypeC
1023,2025-04-09T01:19:44.000Z,28.82,66.89,BuildingA_Floor1,TypeA
1069,2025-04-06T15:55:58.000Z,15.94,64.05,BuildingB_Floor1,TypeC
1036,2025-04-09T07:24:07.000Z,30.01,62.27,BuildingB_Floor2,TypeA
1022,2025-04-05T15:41:43.000Z,17.11,45.0,BuildingA_Floor1,TypeC
1056,2025-04-08T02:46:34.000Z,17.62,59.47,BuildingA_Floor1,TypeA
1033,2025-04-09T13:11:18.000Z,33.02,75.27,BuildingA_Floor2,TypeC
1032,2025-04-07T08:47:24.000Z,23.18,56.79,BuildingA_Floor2,TypeA
1004,2025-04-07T02:32:20.000Z,32.65,30.31,BuildingA_Floor1,TypeA
1008,2025-04-07T14:46:05.000Z,25.58,72.4,BuildingB_Floor1,TypeB
1038,2025-04-06T09:14:52.000Z,26.41,65.28,BuildingA_Floor2,TypeC
1026,2025-04-07T01:56:31.000Z,22.26,46.71,BuildingA_Floor2,TypeA
1041,2025-04-08T23:16:41.000Z,20.89,48.84,BuildingB_Floor1,TypeA
1021,2025-04-08T06:25:33.000Z,28.38,43.45,BuildingA_Floor1,TypeA
1008,2025-04-07T12:43:38.000Z,15.47,65.77,BuildingB_Floor2,TypeA
1068,2025-04-06T04:11:08.000Z,18.23,47.76,BuildingB_Floor1,TypeA
1097,2025-04-06T22:43:20.000Z,19.45,61.76,BuildingA_Floor2,TypeC
1051,2025-04-06T10:40:08.000Z,29.66,69.82,BuildingB_Floor1,TypeA
1081,2025-04-05T23:16:54.000Z,32.65,65.14,BuildingB_Floor1,TypeB
1093,2025-04-05T22:27:17.000Z,23.1,55.69,BuildingB_Floor2,TypeB
1032,2025-04-06T05:12:26.000Z,17.62,49.25,BuildingA_Floor2,TypeC
1030,2025-04-06T15:01:25.000Z,23.77,49.71,BuildingB_Floor2,TypeB
1031,2025-04-09T00:57:17.000Z,33.62,55.33,BuildingA_Floor2,TypeB
1089,2025-04-09T14:13:45.000Z,19.53,69.17,BuildingB_Floor1,TypeC
1025,2025-04-06T10:45:10.000Z,27.22,59.89,BuildingB_Floor1,TypeB
1007,2025-04-05T05:53:26.000Z,16.8,58.68,BuildingA_Floor1,TypeC
1031,2025-04-05T04:52:14.000Z,23.98,41.34,BuildingB_Floor1,TypeA
1021,2025-04-08T12:12:58.000Z,27.03,62.4,BuildingB_Floor2,TypeA
1029,2025-04-07T09:44:10.000Z,30.41,39.08,BuildingA_Floor2,TypeC
1082,2025-04-04T23:07:17.000Z,28.94,43.52,BuildingB_Floor2,TypeC
1015,2025-04-08T20:46:37.000Z,28.83,64.44,BuildingA_Floor1,TypeB
1067,2025-04-05T05:37:49.000Z,21.58,57.4,BuildingB_Floor2,TypeB
1012,2025-04-08T16:01:38.000Z,28.01,39.47,BuildingA_Floor1,TypeA
1041,2025-04-04T22:01:23.000Z,22.43,33.06,BuildingA_Floor1,TypeA
1044,2025-04-07T02:59:17.000Z,30.95,49.96,BuildingB_Floor2,TypeC
1075,2025-04-09T01:09:17.000Z,29.86,30.53,BuildingB_Floor1,TypeC
1086,2025-04-08T00:45:08.000Z,33.13,66.69,BuildingA_Floor1,TypeA
1010,2025-04-08T10:08:08.000Z,15.49,37.51,BuildingA_Floor2,TypeB
1062,2025-04-04T18:57:28.000Z,32.07,75.39,BuildingB_Floor2,TypeC
1075,2025-04-06T21:38:28.000Z,15.34,36.85,BuildingB_Floor2,TypeB
1004,2025-04-07T13:35:34.000Z,18.99,39.42,BuildingB_Floor1,TypeB
1088,2025-04-08T19:03:42.000Z,26.96,36.4,BuildingB_Floor1,TypeC
1041,2025-04-07T06:02:58.000Z,18.42,74.75,BuildingA_Floor1,TypeB
1035,2025-04-05T16:59:14.000Z,23.32,42.56,BuildingA_Floor2,TypeC
1057,2025-04-07T06:23:06.000Z,22.18,50.21,BuildingA_Floor1,TypeA
1024,2025-04-06T08:00:15.000Z,32.06,48.75,BuildingB_Floor2,TypeB
1094,2025-04-08T10:05:42.000Z,23.85,47.65,BuildingB_Floor1,TypeA
1085,2025-04-06T03:10:42.000Z,23.08,40.15,BuildingB_Floor2,TypeA
1057,2025-04-09T04:10:24.000Z,30.81,53.77,BuildingA_Floor2,TypeC
1016,2025-04-06T22:19:24.000Z,19.93,65.66,BuildingB_Floor1,TypeC
1059,2025-04-08T10:55:36.000Z,24.09,77.54,BuildingA_Floor2,TypeA
1001,2025-04-05T18:03:23.000Z,33.47,42.48,BuildingA_Floor2,TypeC
1010,2025-04-07T01:05:12.000Z,19.61,34.91,BuildingA_Floor2,TypeA
1054,2025-04-07T10:16:59.000Z,33.62,43.74,BuildingB_Floor1,TypeB
1038,2025-04-06T18:39:21.000Z,18.92,65.95,BuildingA_Floor1,TypeB
1063,2025-04-06T16:00:11.000Z,32.37,65.48,BuildingA_Floor1,TypeC
1095,2025-04-08T11:22:21.000Z,19.64,66.14,BuildingA_Floor1,TypeC
1076,2025-04-06T19:57:24.000Z,18.99,79.09,BuildingB_Floor1,TypeA
1046,2025-04-08T21:37:43.000Z,26.52,75.36,BuildingA_Floor1,TypeC
1009,2025-04-05T07:49:52.000Z,20.25,72.81,BuildingB_Floor1,TypeA
1041,2025-04-05T12:52:46.000Z,28.5,62.86,BuildingA_Floor1,TypeA
1017,2025-04-05T11:03:38.000Z,32.62,57.48,BuildingB_Floor1,TypeC
1096,2025-04-08T06:15:28.000Z,19.24,31.63,BuildingA_Floor1,TypeA
1048,2025-04-06T16:32:50.000Z,23.96,38.66,BuildingA_Floor2,TypeA
1018,2025-04-08T06:58:54.000Z,20.67,62.62,BuildingB_Floor1,TypeC
1034,2025-04-08T11:11:20.000Z,33.51,64.69,BuildingA_Floor2,TypeC
1097,2025-04-07T05:21:15.000Z,34.14,47.35,BuildingB_Floor2,TypeB
1054,2025-04-05T17:07:30.000Z,28.68,79.0,BuildingB_Floor1,TypeB
1005,2025-04-06T20:03:26.000Z,17.61,71.89,BuildingB_Floor1,TypeA
1089,2025-04-09T10:34:34.000Z,32.98,61.1,BuildingA_Floor1,TypeA
1034,2025-04-05T07:00:22.000Z,24.49,63.22,BuildingB_Floor1,TypeA
1096,2025-04-05T04:04:29.000Z,25.73,64.58,BuildingB_Floor2,TypeC
1012,2025-04-05T19:28:29.000Z,21.4,67.77,BuildingA_Floor1,TypeA
1069,2025-04-07T16:45:40.000Z,34.16,72.55,BuildingB_Floor1,TypeC
1029,2025-04-07T03:39:03.000Z,34.65,56.29,BuildingA_Floor1,TypeA
1001,2025-04-06T20:58:43.000Z,34.94,55.92,BuildingA_Floor2,TypeB
1044,2025-04-08T10:41:56.000Z,25.12,39.51,BuildingB_Floor2,TypeB
1026,2025-04-05T22:13:09.000Z,17.97,45.48,BuildingB_Floor1,TypeB
1079,2025-04-09T11:35:53.000Z,29.27,47.29,BuildingB_Floor1,TypeA
1053,2025-04-05T04:51:14.000Z,21.0,44.69,BuildingA_Floor2,TypeB
1013,2025-04-06T04:24:56.000Z,18.69,31.47,BuildingB_Floor2,TypeC
1065,2025-04-08T06:38:40.000Z,18.35,65.17,BuildingA_Floor1,TypeB
1034,2025-04-07T13:48:20.000Z,16.83,75.27,BuildingA_Floor2,TypeC
1080,2025-04-06T01:24:42.000Z,30.95,36.85,BuildingB_Floor2,TypeC
1057,2025-04-08T15:03:59.000Z,29.71,49.04,BuildingB_Floor2,TypeC
1083,2025-04-05T23:23:20.000Z,31.21,51.31,BuildingB_Floor2,TypeB
1080,2025-04-06T13:09:35.000Z,30.32,52.9,BuildingB_Floor2,TypeB
1067,2025-04-05T13:03:45.000Z,31.64,59.03,BuildingA_Floor2,TypeA
1094,2025-04-06T21:00:20.000Z,30.26,49.72,BuildingA_Floor2,TypeC
1018,2025-04-05T17:28:04.000Z,30.17,53.58,BuildingA_Floor1,TypeA
1040,2025-04-07T02:25:32.000Z,18.79,48.77,BuildingA_Floor1,TypeC
1037,2025-04-04T23:11:23.000Z,25.63,57.14,BuildingB_Floor1,TypeB
1098,2025-04-05T08:32:01.000Z,24.17,59.65,BuildingB_Floor2,TypeC
1058,2025-04-07T13:17:40.000Z,28.57,37.6,BuildingA_Floor2,TypeC
1052,2025-04-06T08:04:50.000Z,16.15,77.05,BuildingA_Floor2,TypeA
1063,2025-04-09T02:47:45.000Z,27.37,38.25,BuildingB_Floor1,TypeA
1090,2025-04-05T18:09:13.000Z,17.46,53.34,BuildingA_Floor1,TypeB
1090,2025-04-07T19:00:29.000Z,22.35,59.8,BuildingB_Floor1,TypeB
1017,2025-04-09T02:57:27.000Z,25.89,67.49,BuildingB_Floor2,TypeA
1006,2025-04-05T08:25:58.000Z,16.14,41.43,BuildingA_Floor1,TypeC
1005,2025-04-08T17:49:13.000Z,32.47,53.96,BuildingA_Floor2,TypeB
1001,2025-04-06T08:14:13.000Z,28.08,56.83,BuildingB_Floor2,TypeC
1071,2025-04-06T04:39:19.000Z,31.96,68.21,BuildingA_Floor2,TypeA
1042,2025-04-07T08:22:17.000Z,21.84,58.84,BuildingB_Floor2,TypeB
1057,2025-04-07T08:35:31.000Z,23.35,44.0,BuildingA_Floor1,TypeC
1089,2025-04-05T16:43:15.000Z,23.29,31.37,BuildingA_Floor1,TypeC
1066,2025-04-08T19:22:54.000Z,18.83,79.19,BuildingB_Floor1,TypeC
1081,2025-04-06T06:28:58.000Z,26.13,47.93,BuildingA_Floor2,TypeA
1083,2025-04-06T07:16:16.000Z,18.48,42.51,BuildingA_Floor2,TypeB
1090,2025-04-05T14:38:05.000Z,17.37,68.81,BuildingB_Floor2,TypeB
1080,2025-04-09T05:43:02.000Z,17.2,38.23,BuildingB_Floor1,TypeC
1071,2025-04-08T03:54:37.000Z,23.17,57.46,BuildingB_Floor1,TypeB
1068,2025-04-08T11:05:49.000Z,28.98,69.27,BuildingB_Floor1,TypeB
1019,2025-04-05T23:18:54.000Z,24.69,50.39,BuildingA_Floor1,TypeA
1058,2025-04-08T09:44:20.000Z,25.47,74.33,BuildingA_Floor2,TypeB
1014,2025-04-08T08:19:14.000Z,21.82,73.47,BuildingB_Floor2,TypeB
1083,2025-04-07T02:37:49.000Z,20.34,40.42,BuildingA_Floor2,TypeA
1018,2025-04-07T22:17:44.000Z,28.55,57.27,BuildingA_Floor1,TypeA
1083,2025-04-08T22:46:36.000Z,31.08,44.93,BuildingA_Floor1,TypeA
1008,2025-04-08T22:11:43.000Z,16.5,53.43,BuildingB_Floor2,TypeC
1029,2025-04-06T17:36:28.000Z,20.56,49.26,BuildingB_Floor2,TypeB
1039,2025-04-09T12:24:30.000Z,18.35,63.18,BuildingB_Floor1,TypeB
1085,2025-04-08T06:53:58.000Z,17.04,67.01,BuildingB_Floor2,TypeB
1044,2025-04-09T05:17:01.000Z,28.25,51.78,BuildingA_Floor2,TypeB
1068,2025-04-07T15:31:46.000Z,27.32,46.09,BuildingA_Floor2,TypeB
1006,2025-04-09T15:13:13.000Z,16.85,44.65,BuildingA_Floor2,TypeA
1094,2025-04-04T21:48:56.000Z,23.85,31.09,BuildingA_Floor1,TypeA
1074,2025-04-07T17:41:36.000Z,19.86,58.36,BuildingA_Floor1,TypeB
1035,2025-04-06T14:10:31.000Z,33.33,70.68,BuildingB_Floor1,TypeC
1022,2025-04-08T11:25:15.000Z,27.25,57.27,BuildingB_Floor2,TypeB
1031,2025-04-06T08:57:28.000Z,30.57,73.3,BuildingA_Floor1,TypeA
1079,2025-04-08T16:18:23.000Z,20.48,60.02,BuildingB_Floor1,TypeA
1044,2025-04-09T03:18:15.000Z,16.22,38.89,BuildingB_Floor2,TypeB
1022,2025-04-07T07:43:38.000Z,22.31,78.88,BuildingA_Floor1,TypeC
1049,2025-04-08T06:23:24.000Z,16.67,45.7,BuildingA_Floor2,TypeB
1089,2025-04-09T00:24:18.000Z,18.89,77.5,BuildingB_Floor1,TypeB
1060,2025-04-09T12:18:53.000Z,33.41,76.63,BuildingB_Floor2,TypeA
1014,2025-04-07T13:55:55.000Z,26.19,52.93,BuildingA_Floor2,TypeB
1058,2025-04-07T23:55:39.000Z,28.79,61.93,BuildingA_Floor1,TypeA
1060,2025-04-05T01:49:20.000Z,21.93,53.12,BuildingB_Floor1,TypeA
1084,2025-04-05T15:24:08.000Z,16.85,48.82,BuildingB_Floor1,TypeA
1026,2025-04-05T23:39:15.000Z,17.52,67.0,BuildingA_Floor1,TypeB
1043,2025-04-08T18:16:20.000Z,24.76,62.81,BuildingB_Floor1,TypeC
1046,2025-04-08T17:36:27.000Z,23.36,55.35,BuildingA_Floor2,TypeB
1050,2025-04-09T08:47:56.000Z,31.06,40.27,BuildingB_Floor1,TypeA
1005,2025-04-08T05:00:19.000Z,28.2,31.71,BuildingA_Floor1,TypeC
1007,2025-04-06T07:11:41.000Z,31.43,74.34,BuildingA_Floor2,TypeA
1062,2025-04-09T17:06:16.000Z,26.98,62.41,BuildingB_Floor1,TypeB
1076,2025-04-05T19:52:31.000Z,16.75,54.29,BuildingA_Floor1,TypeA
1074,2025-04-06T20:10:38.000Z,23.38,75.42,BuildingB_Floor2,TypeA
1037,2025-04-09T06:33:21.000Z,28.97,77.71,BuildingB_Floor2,TypeB
1076,2025-04-04T23:49:13.000Z,32.53,73.56,BuildingA_Floor1,TypeB
1083,2025-04-04T21:23:37.000Z,18.4,49.78,BuildingB_Floor2,TypeC
1038,2025-04-06T21:56:25.000Z,28.72,50.87,BuildingB_Floor1,TypeA
1007,2025-04-06T03:16:39.000Z,33.75,53.67,BuildingA_Floor1,TypeB
1002,2025-04-07T07:48:56.000Z,33.18,30.86,BuildingA_Floor2,TypeA
1054,2025-04-05T02:23:07.000Z,21.48,77.58,BuildingB_Floor1,TypeC
1057,2025-04-09T05:10:02.000Z,20.04,72.25,BuildingB_Floor1,TypeA
1043,2025-04-08T00:37:33.000Z,25.23,73.35,BuildingA_Floor2,TypeB
1000,2025-04-09T06:54:17.000Z,22.85,70.77,BuildingB_Floor2,TypeA
1036,2025-04-07T13:46:14.000Z,20.42,47.91,BuildingA_Floor2,TypeA
1056,2025-04-04T18:28:38.000Z,28.14,71.39,BuildingA_Floor2,TypeC
1031,2025-04-05T17:52:50.000Z,32.32,37.77,BuildingA_Floor2,TypeA
1004,2025-04-04T23:13:38.000Z,15.46,39.31,BuildingA_Floor1,TypeC
1066,2025-04-06T01:16:31.000Z,29.7,72.33,BuildingA_Floor2,TypeC
1015,2025-04-09T10:44:38.000Z,32.8,42.85,BuildingA_Floor2,TypeA
1075,2025-04-07T06:23:51.000Z,31.09,69.02,BuildingA_Floor1,TypeB
1038,2025-04-04T23:17:39.000Z,26.34,53.81,BuildingA_Floor2,TypeA
1081,2025-04-09T10:33:32.000Z,32.83,31.66,BuildingA_Floor1,TypeA
1017,2025-04-09T12:20:22.000Z,28.76,62.61,BuildingA_Floor2,TypeB
1065,2025-04-08T23:19:44.000Z,26.95,34.7,BuildingB_Floor1,TypeB
1071,2025-04-08T17:27:17.000Z,24.68,77.85,BuildingA_Floor2,TypeB
1035,2025-04-05T08:24:14.000Z,17.32,60.56,BuildingB_Floor2,TypeA
1069,2025-04-07T08:05:56.000Z,15.86,60.52,BuildingA_Floor2,TypeC
1086,2025-04-08T00:34:30.000Z,33.04,56.78,BuildingA_Floor1,TypeB
1052,2025-04-09T15:24:25.000Z,15.97,72.88,BuildingA_Floor1,TypeA
1083,2025-04-04T21:02:10.000Z,23.28,72.46,BuildingB_Floor1,TypeA
1016,2025-04-05T17:30:36.000Z,33.12,54.04,BuildingB_Floor1,TypeC
1074,2025-04-08T16:45:32.000Z,17.13,72.53,BuildingB_Floor1,TypeC
1048,2025-04-06T08:39:11.000Z,17.92,52.27,BuildingA_Floor2,TypeB
1062,2025-04-09T05:38:09.000Z,24.78,47.25,BuildingB_Floor1,TypeB
1021,2025-04-09T14:12:40.000Z,19.01,46.78,BuildingA_Floor2,TypeA
1016,2025-04-07T08:32:36.000Z,20.25,50.34,BuildingB_Floor2,TypeC
1087,2025-04-09T14:35:26.000Z,21.04,32.66,BuildingB_Floor1,TypeB
1093,2025-04-05T19:13:47.000Z,29.12,59.95,BuildingB_Floor1,TypeC
1051,2025-04-04T21:21:27.000Z,28.69,69.88,BuildingA_Floor1,TypeB
1085,2025-04-05T15:37:20.000Z,25.88,56.09,BuildingB_Floor1,TypeA
1051,2025-04-06T07:18:45.000Z,21.02,65.02,BuildingA_Floor2,TypeC
1092,2025-04-09T10:36:32.000Z,29.88,48.36,BuildingA_Floor2,TypeB
1015,2025-04-06T04:28:02.000Z,32.88,53.72,BuildingA_Floor2,TypeA
1082,2025-04-09T11:52:34.000Z,29.56,63.68,BuildingB_Floor2,TypeA
1005,2025-04-08T13:17:30.000Z,18.85,37.92,BuildingB_Floor1,TypeB
1003,2025-04-07T09:49:24.000Z,23.64,42.79,BuildingA_Floor1,TypeC
1073,2025-04-07T14:05:48.000Z,25.83,36.38,BuildingA_Floor1,TypeB
1086,2025-04-07T16:20:12.000Z,24.73,54.95,BuildingB_Floor1,TypeC
1090,2025-04-08T01:35:41.000Z,30.98,61.74,BuildingA_Floor2,TypeA
1077,2025-04-04T23:14:07.000Z,26.02,31.4,BuildingA_Floor1,TypeC
1041,2025-04-07T09:27:46.000Z,19.51,70.6,BuildingB_Floor1,TypeA
1005,2025-04-05T09:24:16.000Z,20.84,77.77,BuildingA_Floor1,TypeC
1017,2025-04-07T05:41:51.000Z,22.09,70.36,BuildingB_Floor2,TypeA
1064,2025-04-07T08:25:15.000Z,24.29,74.95,BuildingA_Floor2,TypeB
1086,2025-04-06T02:18:18.000Z,27.66,63.74,BuildingB_Floor2,TypeA
1062,2025-04-09T12:13:42.000Z,27.64,74.34,BuildingA_Floor1,TypeA
1013,2025-04-08T12:40:36.000Z,18.02,30.18,BuildingB_Floor2,TypeB
1060,2025-04-09T15:13:42.000Z,25.12,79.29,BuildingA_Floor1,TypeB
1072,2025-04-08T11:14:40.000Z,17.65,49.05,BuildingB_Floor1,TypeC
1071,2025-04-07T11:35:55.000Z,22.88,34.36,BuildingB_Floor1,TypeB
1064,2025-04-07T04:08:05.000Z,20.9,66.15,BuildingA_Floor2,TypeA
1044,2025-04-08T05:32:23.000Z,28.2,36.5,BuildingA_Floor2,TypeB
1001,2025-04-08T09:14:56.000Z,28.91,50.29,BuildingB_Floor2,TypeA
1081,2025-04-05T09:45:07.000Z,19.24,48.19,BuildingA_Floor1,TypeB
1078,2025-04-06T00:15:14.000Z,16.79,56.43,BuildingA_Floor2,TypeA
1090,2025-04-09T02:53:57.000Z,32.67,78.91,BuildingB_Floor2,TypeB
1028,2025-04-05T10:29:21.000Z,32.74,39.12,BuildingB_Floor1,TypeA
1087,2025-04-05T09:11:57.000Z,33.59,66.62,BuildingB_Floor1,TypeB
